-- phpMyAdmin SQL Dump
-- version 4.6.5.2
-- https://www.phpmyadmin.net/
--
-- Host: 127.0.0.1
-- Generation Time: Mar 02, 2021 at 03:28 PM
-- Server version: 10.1.21-MariaDB
-- PHP Version: 5.6.30

SET SQL_MODE = "NO_AUTO_VALUE_ON_ZERO";
SET time_zone = "+00:00";


/*!40101 SET @OLD_CHARACTER_SET_CLIENT=@@CHARACTER_SET_CLIENT */;
/*!40101 SET @OLD_CHARACTER_SET_RESULTS=@@CHARACTER_SET_RESULTS */;
/*!40101 SET @OLD_COLLATION_CONNECTION=@@COLLATION_CONNECTION */;
/*!40101 SET NAMES utf8mb4 */;

--
-- Database: `db_safa`
--
CREATE DATABASE IF NOT EXISTS `db_safa` DEFAULT CHARACTER SET utf8 COLLATE utf8_persian_ci;
USE `db_safa`;

-- --------------------------------------------------------

--
-- Table structure for table `tbl_aza`
--

CREATE TABLE `tbl_aza` (
  `id` int(11) NOT NULL,
  `codePerseneli` int(6) NOT NULL,
  `vaziat` tinyint(4) NOT NULL DEFAULT '1',
  `nam` varchar(50) COLLATE utf8_persian_ci NOT NULL,
  `famil` varchar(60) COLLATE utf8_persian_ci NOT NULL,
  `pass` varchar(50) COLLATE utf8_persian_ci NOT NULL,
  `sath` tinyint(4) NOT NULL,
  `tarikhSabt` date NOT NULL,
  `zamanSabt` time NOT NULL
) ENGINE=InnoDB DEFAULT CHARSET=utf8 COLLATE=utf8_persian_ci ROW_FORMAT=COMPACT;

--
-- Dumping data for table `tbl_aza`
--

INSERT INTO `tbl_aza` (`id`, `codePerseneli`, `vaziat`, `nam`, `famil`, `pass`, `sath`, `tarikhSabt`, `zamanSabt`) VALUES
(1, 123, 1, 'داوود', 'پوربهزاد', '25d55ad283aa400af464c76d713c07ad', 1, '1399-05-13', '12:35:15'),
(2, 456123, 1, 'داوود', 'رضایی اصل', 'e1a33fb608a90d039dda3b092ec0b3ae', 2, '1399-05-13', '12:35:15'),
(3, 1234, 1, 'امیر مهدی', 'قاسم زاده', '2f8a18480a2c2e8cb1d9fb876c1d4e6d', 3, '1399-05-13', '12:35:15'),
(4, 4523, 0, 'قلی', 'قلیایی', '9b43d23851af0fc818039e606cd6341e', 4, '1399-07-14', '16:43:24'),
(5, 4653, 1, 'امیر رضا', 'رضایی', '76258d96517bb2acf0e7a33de083e3a1', 2, '1399-07-14', '16:43:24'),
(6, 4567, 1, 'سید دانیال', 'کاظمی', '9b43d23851af0fc818039e606cd6341e', 3, '1399-07-14', '16:43:24'),
(7, 35245, 1, 'غلامعلی', 'دانیالی', '2f8a18480a2c2e8cb1d9fb876c1d4e6d', 4, '1399-07-14', '16:43:24'),
(8, 12345, 1, 'دانیال', 'محمد زاده اصل', 'c8075c504eeaaed272705414acc5f56a', 2, '1399-07-14', '16:43:24'),
(9, 355, 1, 'محمد مهدی', 'پوردانیال', '2f8a18480a2c2e8cb1d9fb876c1d4e6d', 3, '1399-07-14', '16:43:24'),
(10, 3213, 1, 'کاظم', 'حسن پور', '9b43d23851af0fc818039e606cd6341e', 4, '1399-07-14', '16:43:24'),
(11, 6896, 1, 'فرید', 'کریمی', '2f8a18480a2c2e8cb1d9fb876c1d4e6d', 2, '1399-07-14', '16:43:24'),
(12, 985, 1, 'مریم', 'باروز', '9b43d23851af0fc818039e606cd6341e', 3, '1399-07-14', '16:43:24'),
(13, 9875, 0, 'نرگس', 'محمد زاده', '2f8a18480a2c2e8cb1d9fb876c1d4e6d', 4, '1399-07-14', '16:43:24'),
(14, 6875, 1, 'نفیسه', 'رضا زاده', '118f4930fdb6743648a137a2924ba4ba', 2, '1399-07-14', '16:43:24'),
(15, 4568, 1, 'حسن', 'چودن', '2f8a18480a2c2e8cb1d9fb876c1d4e6d', 3, '1399-07-14', '16:43:24'),
(16, 6542, 0, 'حسین', 'دایی', '93fdaaa774c82091f364f8e6e69dbde2', 4, '1399-07-14', '16:43:24'),
(17, 78568, 1, 'مرتضی', 'سارنی', '0e7cb97990b7995fb1fafd5179e2b9a8', 2, '1399-07-14', '16:43:24'),
(18, 7565, 1, 'وحید', 'صارمی', '2b3bafba6e496adfe3348d76ca0b491f', 3, '1399-07-14', '16:43:24'),
(19, 8566, 1, 'سعید', 'بحجت', '2f8a18480a2c2e8cb1d9fb876c1d4e6d', 4, '1399-07-14', '16:43:24'),
(20, 3655, 1, 'راحله', 'هاشمی', '9b43d23851af0fc818039e606cd6341e', 2, '1399-07-14', '16:43:24'),
(21, 56552, 1, 'آرزو', 'خزایی', '2f8a18480a2c2e8cb1d9fb876c1d4e6d', 3, '1399-07-14', '16:43:24'),
(22, 4444, 1, 'سارا', 'خادم الحسینی', '9b43d23851af0fc818039e606cd6341e', 4, '1399-07-14', '16:43:24'),
(23, 5635, 1, 'پریسا', 'افریقایی', '2f8a18480a2c2e8cb1d9fb876c1d4e6d', 3, '1399-07-14', '16:43:24'),
(24, 3546, 1, 'علی', 'اروپایی', '9b43d23851af0fc818039e606cd6341e', 3, '1399-07-14', '16:43:24'),
(25, 456456, 1, 'علیرضا', 'قربانی', '74bde0283649248ef0933201aeaf497d', 2, '1399-07-14', '22:11:42'),
(27, 53452, 1, 'صالح', 'صالحی', '7d8c31bc9f787657a6abed0639dfdfda', 4, '1399-07-14', '22:14:08'),
(28, 78545, 1, 'رضا', 'رضایی', 'ceda19b352c54aaa5e79ed8d9d6cdd43', 3, '1399-07-18', '22:13:20'),
(29, 4563, 1, 'علی', 'رضایی', '955db917817eabcc9ae85d8ae9e81fa8', 3, '1399-10-01', '19:59:23');

-- --------------------------------------------------------

--
-- Table structure for table `tbl_barchasb`
--

CREATE TABLE `tbl_barchasb` (
  `id` bigint(20) NOT NULL,
  `barchasb` varchar(60) COLLATE utf8_persian_ci NOT NULL,
  `tarikhSabt` date NOT NULL,
  `zamanSabt` time NOT NULL
) ENGINE=InnoDB DEFAULT CHARSET=utf8 COLLATE=utf8_persian_ci ROW_FORMAT=COMPACT;

--
-- Dumping data for table `tbl_barchasb`
--

INSERT INTO `tbl_barchasb` (`id`, `barchasb`, `tarikhSabt`, `zamanSabt`) VALUES
(36, 'فروش', '1399-10-01', '21:27:13'),
(37, 'حسابداری', '1399-10-01', '21:27:24'),
(38, 'بازرگانی', '1399-10-01', '21:27:32'),
(39, 'انبار', '1399-10-01', '21:27:38'),
(40, 'منابع انسانی', '1399-10-01', '21:28:22'),
(41, 'آموزش', '1399-10-01', '21:45:51'),
(42, 'دستورالعمل', '1399-10-01', '21:46:02');

-- --------------------------------------------------------

--
-- Table structure for table `tbl_barchasb_matlab`
--

CREATE TABLE `tbl_barchasb_matlab` (
  `id` bigint(20) NOT NULL,
  `dastehID` bigint(20) NOT NULL,
  `barchasbID` bigint(20) NOT NULL
) ENGINE=InnoDB DEFAULT CHARSET=utf8 COLLATE=utf8_persian_ci ROW_FORMAT=COMPACT;

--
-- Dumping data for table `tbl_barchasb_matlab`
--

INSERT INTO `tbl_barchasb_matlab` (`id`, `dastehID`, `barchasbID`) VALUES
(138, 18, 37),
(139, 18, 36),
(140, 16, 37),
(141, 16, 42),
(142, 16, 36),
(143, 15, 42),
(144, 15, 36),
(145, 17, 39),
(146, 17, 38),
(147, 17, 37),
(148, 17, 42),
(149, 17, 36),
(150, 19, 41),
(151, 19, 36),
(152, 19, 40),
(153, 20, 41);

-- --------------------------------------------------------

--
-- Table structure for table `tbl_captcha`
--

CREATE TABLE `tbl_captcha` (
  `id` int(11) NOT NULL,
  `address` varchar(20) CHARACTER SET utf8mb4 COLLATE utf8mb4_persian_ci NOT NULL,
  `adad` int(11) NOT NULL
) ENGINE=InnoDB DEFAULT CHARSET=utf8 COLLATE=utf8_persian_ci ROW_FORMAT=COMPACT;

--
-- Dumping data for table `tbl_captcha`
--

INSERT INTO `tbl_captcha` (`id`, `address`, `adad`) VALUES
(1, '74', 67315),
(2, '753', 97242),
(3, '1234', 68721),
(4, '4513', 13885),
(5, '4534', 49315),
(6, '6465', 19542),
(7, '6546', 45671),
(8, '7353', 63924),
(9, '7535', 13945),
(10, '12374', 27438),
(11, '41234', 75196),
(12, '45312', 12473),
(13, '68543', 26429),
(14, '78574', 74675),
(15, '123574', 54826),
(16, '452342', 49484),
(17, '452345', 16529),
(18, '645635', 48219),
(19, '1525347', 41358),
(20, '4523674', 14342);

-- --------------------------------------------------------

--
-- Table structure for table `tbl_dasteh`
--

CREATE TABLE `tbl_dasteh` (
  `id` bigint(20) NOT NULL,
  `dasteh` text COLLATE utf8_persian_ci NOT NULL,
  `sath` tinyint(4) NOT NULL,
  `vaziat` tinyint(4) NOT NULL DEFAULT '1',
  `tarikhSabt` date NOT NULL,
  `zamanSabt` time NOT NULL
) ENGINE=InnoDB DEFAULT CHARSET=utf8 COLLATE=utf8_persian_ci ROW_FORMAT=COMPACT;

--
-- Dumping data for table `tbl_dasteh`
--

INSERT INTO `tbl_dasteh` (`id`, `dasteh`, `sath`, `vaziat`, `tarikhSabt`, `zamanSabt`) VALUES
(15, 'دستورالعمل های فروشگاهی', 4, 1, '1399-10-01', '21:29:15'),
(16, 'دستورالعمل تخفیف', 4, 1, '1399-10-01', '21:37:51'),
(17, 'دستورالعمل ورود کالا و کنترل های کیفی', 3, 1, '1399-10-01', '21:42:15'),
(18, 'لیست قیمت عطر', 4, 1, '1399-10-01', '21:43:49'),
(19, 'اصطلاحات پرکاربرد دنیای عطر وکلن', 4, 1, '1399-10-01', '21:47:37'),
(20, 'معرفی کالا', 4, 1, '1399-10-22', '21:46:05');

-- --------------------------------------------------------

--
-- Table structure for table `tbl_etelaat`
--

CREATE TABLE `tbl_etelaat` (
  `id` bigint(20) NOT NULL,
  `codeMahsool` bigint(20) DEFAULT NULL,
  `onvanF` text COLLATE utf8_persian_ci,
  `designer` varchar(255) COLLATE utf8_persian_ci DEFAULT NULL,
  `brand` varchar(255) COLLATE utf8_persian_ci DEFAULT NULL,
  `onvanE` text COLLATE utf8_persian_ci,
  `jensiat` char(1) COLLATE utf8_persian_ci DEFAULT NULL,
  `tabe` varchar(255) COLLATE utf8_persian_ci DEFAULT NULL,
  `sath` tinyint(4) DEFAULT NULL,
  `goroohBoo` varchar(255) COLLATE utf8_persian_ci DEFAULT NULL,
  `tarikhVorood` varchar(10) COLLATE utf8_persian_ci DEFAULT NULL,
  `note` text COLLATE utf8_persian_ci
) ENGINE=InnoDB DEFAULT CHARSET=utf8 COLLATE=utf8_persian_ci;

--
-- Dumping data for table `tbl_etelaat`
--

INSERT INTO `tbl_etelaat` (`id`, `codeMahsool`, `onvanF`, `designer`, `brand`, `onvanE`, `jensiat`, `tabe`, `sath`, `goroohBoo`, `tarikhVorood`, `note`) VALUES
(1, 1, '212 سكسي مردانه ', 'کارولینا هررا', 'ژانیل', 'Carolian Herrera-212 Sexy For Men', 'M', 'گرم', 5, 'شرقی فوژ', 'قبل از 98', '\"پرتقال ماندارین'),
(2, 2, '212 زنانه', 'کارولینا هررا', 'ژانیل', 'Carolina Herrera-212 For Women', 'W', 'خنک', 4, 'گلی چوبی مشک', 'قبل از 98', '\"پرتقال ماندارین'),
(3, 3, '212 سكسي زنانه  ', 'کارولینا هررا', 'ژانیل', 'Carolina Herrera-212 Sexy For Women', 'W', 'گرم', 5, 'شرقی گلی', 'قبل از 98', '\"پرتقال ماندارین'),
(4, 4, '212 سكسي زنانه ', 'کارولینا هررا', 'ژانیل', 'Carolina Herrera-212 Sexy For Women', 'W', 'گرم', 4, 'شرقی گلی', 'قبل از 98', '\"پرتقال ماندارین'),
(5, 5, '212 مردانه', 'کارولینا هررا', 'ژانیل', 'Carolina Herrera-212 For Men', 'M', 'معتدل', 4, 'چوبی گلی مشک', 'قبل از 98', '\"ادویه ها'),
(6, 6, 'انلي بريو   ', 'ديزل', 'ژانیل', 'Diesel-Only The Brave ', 'M', 'خنک', 4, 'شرقی چوبی', 'قبل از 98', '\"پرتقال ماندارین'),
(7, 7, 'اپن', 'راجر اند گَلِت', 'ژانیل', 'Roger&Gallet-Open', 'M', 'گرم', 4, 'چوبی آروماتیک', 'قبل از 98', '\"اسطوخدوس'),
(8, 8, 'اترنتي', 'کالوین کلین', 'ژانیل', 'Calvin Klein-Eternity for Men', 'M', 'خنک', 4, 'آروماتیک فوژ', 'قبل از 98', '\"اسطوخدوس'),
(9, 11, 'استيل', 'جنیفر لوپز', 'ژانیل', 'Jennifer Lopez-Still', 'W', 'خنک', 4, 'رایحه های گلی', 'قبل از 98', '\"برنج'),
(10, 12, 'استيل', 'جنیفر لوپز', 'ژانیل', 'Jennifer Lopez-Still', 'W', 'خنک', 5, 'رایحه های گلی', 'قبل از 98', '\"برنج'),
(11, 13, 'اسكالپچر', 'نیکوز', 'ژانیل', 'Nikos-Sculpture', 'M', 'خنک', 5, 'شرقی فوژ', 'قبل از 98', '\"پرتقال ماندارین'),
(12, 15, 'اسكيپ مردانه', 'کالوین کلین', 'ژانیل', 'Calvin Klein-Escape for Men', 'M', 'خنک', 4, 'آروماتیک سبز', 'قبل از 98', '\"اکالیپتوس'),
(13, 16, 'افشان', 'رساسی', 'ژانیل', 'Rassasi-Afshan', 'U', 'گرم', 5, 'رایحه های شرقی', 'قبل از 98', '\"رایحه های سبز'),
(14, 17, 'اكسيژن   ', 'لانوین', 'ژانیل', 'Lanvin-Oxygene', 'W', 'خنک', 4, 'گلی آبی', 'قبل از 98', '\"ترنج (برگاموت)'),
(15, 18, 'اكلت ', 'لانوین', 'ژانیل', 'Lanvin-Eclat d’Arpège', 'W', 'خنک', 4, 'گلی سبز', 'قبل از 98', '\"برگ نارنج'),
(16, 20, 'آكوا ومن   ', 'روچاز', 'ژانیل', 'Rochas-Aquawoman', 'W', 'خنک', 4, 'گلی آبی', 'قبل از 98', '\"آب دریا'),
(17, 22, 'الگانس ', 'لاکوست', 'ژانیل', 'Lacoste-Elegance', 'M', 'خنک', 4, 'چوبی ادویه ای', 'قبل از 98', '\"آلدئید'),
(18, 23, 'امپريو  ', 'جورجیو آرمانی', 'ژانیل', 'Giorgio Armani-Emporio Armani', 'W', 'گرم', 4, 'گلی میوه ای', 'قبل از 98', 'تمشک ، لیمو ترش ، بهارنارنج'),
(19, 25, 'اورگانزا   ', 'جیونچی', 'ژانیل', 'Givenchy-Organza', 'W', 'گرم', 4, 'شرقی گلی', 'قبل از 98', '\"ترنج (برگاموت)'),
(20, 27, 'ايفوريا زنانه', 'کالوین کلین', 'ژانیل', 'Calvin Klein-Euphoria Women', 'W', 'گرم', 4, 'شرقی گلی', 'قبل از 98', '\"انار'),
(21, 28, 'ايفوريا مردانه', 'کالوین کلین', 'ژانیل', 'Calvin Klein-Euphoria For Men ', 'M', 'معتدل', 5, 'چوبی آروماتیک', 'قبل از 98', '\"زنجبیل'),
(22, 30, 'آديداس   ', 'آدیداس', 'ژانیل', 'No Brand-ADIDAS M', 'U', 'معتدل', 3, 'آروماتیک', 'قبل از 98', '0'),
(23, 32, 'آزارو پورهوم ', 'آزارو', 'ژانیل', 'Azzaro-Azzaro Pour Homme', 'M', 'گرم', 4, 'آروماتیک فوژ', 'قبل از 98', '\"اسطوخدوس'),
(24, 33, 'كروم لجند', 'آزارو', 'ژانیل', 'Azzaro-Azzaro Chrome Legend', 'M', 'خنک', 5, 'آروماتیک میوه ای', 'قبل از 98', '\"پرتقال تلخ'),
(25, 34, 'آزارو كروم', 'آزارو', 'ژانیل', 'Azzaro-Azzaro Chrome', 'M', 'خنک', 5, 'مرکبات آروماتیک', 'قبل از 98', '\"آناناس'),
(26, 35, 'آكاجيو', 'جورجیو آرمانی', 'ژانیل', 'Giorgio Armani-Acqua di Gio for Men', 'M', 'خنک', 4, 'آروماتیک آبی', 'قبل از 98', '\"پرتقال ماندارین'),
(27, 36, 'آكوا بولگاري', 'بولگاری', 'ژانیل', 'Bvlgari-Aqua for Men', 'M', 'خنک', 4, 'آروماتیک آبی ', 'قبل از 98', '\"برگ نارنج'),
(28, 37, 'آكوا ومن', 'بولگاری', 'ژانیل', 'Bvlgari-Aqua Woman', 'W', 'خنک', 5, 'گلی آبی', 'قبل از 98', '\"آب دریا'),
(29, 38, 'الور هوم اسپرت ', 'شنل', 'ژانیل', 'Chanel-Allure Homme sport', 'M', 'خنک', 4, 'چوبی ادویه ای', 'قبل از 98', '\"آلدئید'),
(30, 40, 'آماريج', 'جیونچی', 'ژانیل', 'Givenchy-Amarige', 'W', 'معتدل', 4, 'رایحه های گلی', 'قبل از 98', 'آلو ، بهارنارنج، بنفشه ، اقاقیای برزیلی ، نارنگی ماندارین ، هلو ، شکوفه پرتغال'),
(31, 41, 'آمور آمور ', 'كاچارل', 'ژانیل', 'Cacharel-Amor Amor', 'W', 'گرم', 5, 'گلی میوه ای', 'قبل از 98', '\"انگور فرنگی سیاه'),
(32, 42, 'انجل', 'موگلر', 'ژانیل', 'Mugler-Angel', 'W', 'گرم', 5, 'شرقی وانیلی', 'قبل از 98', '\"آناناس'),
(33, 44, 'باربری ويكند   ', 'باربری', 'ژانیل', 'Burberry-Weekend', 'W', 'خنک', 4, 'رایحه های گلی', 'قبل از 98', '\"اسپرک'),
(34, 45, 'بخور المدينه   ', 'بدون برند', 'ژانیل', 'No Brand-Bakhor al Madina', 'U', 'گرم', 4, 'رایحه های گلی', 'قبل از 98', 'زعفران'),
(35, 46, 'بخور شيرين   ', 'بدون برند', 'ژانیل', 'No Brand-Bokhor', 'U', 'معتدل', 4, 'رایحه های شرقی', 'قبل از 98', '0'),
(36, 47, 'بروت', 'فابرگ', 'ژانیل', 'Faberge-Brut', 'M', 'معتدل', 4, 'آروماتیک ادویه ای', 'قبل از 98', '\"اسطوخدوس'),
(37, 49, 'بلو فور من   ', 'رساسی', 'ژانیل', 'Rassasi-Blue for Men', 'M', 'خنک', 5, 'آروماتیک ادویه ای', 'قبل از 98', '\"پرتقال ماندارین'),
(38, 55, 'پلو بلو', 'رالف لورن', 'ژانیل', 'Ralph Lauren-Polo Blue', 'M', 'خنک', 4, 'آروماتیک فوژ', 'قبل از 98', '\"پرتقال ماندارین'),
(39, 56, 'پور پويزن', 'کریستین دیور', 'ژانیل', 'Christian Dior-Pure Poison', 'W', 'گرم', 4, 'رایحه های گلی', 'قبل از 98', '\"ترنج (برگاموت)'),
(40, 57, 'پورانهوم   ', 'کارن', 'ژانیل', 'Caron-Pour Un Homme', 'M', 'گرم', 4, 'آروماتیک', 'قبل از 98', 'اسطوخدوس'),
(41, 58, 'پويزن', 'کریستین دیور', 'ژانیل', 'Christian Dior-Poision', 'W', 'گرم', 4, 'شرقی گلی', 'قبل از 98', '\"آلو'),
(42, 59, 'پي جيونچي  ', 'جیونچی', 'ژانیل', 'Givenchy-Pi for men', 'M', 'معتدل', 4, 'شرقی چوبی', 'قبل از 98', '\"پرتقال ماندارین'),
(43, 60, 'پيتون', 'تروساردی', 'ژانیل', 'Trussardi-Python Men', 'W', 'گرم', 4, 'شرقی ادویه ای', 'قبل از 98', '\"پرتقال ماندارین'),
(44, 61, 'تیم', 'تامی هیل فیگر', 'ژانیل', 'Tommy Hilfiger- Tommy T', 'M', 'خنک', 3, 'مرکبات آروماتیک', 'قبل از 98', '\"اسطوخدوس'),
(45, 62, 'تامي گرل', 'تامی هیل فیگر', 'ژانیل', 'Tommy Hilfiger-Tommy Girl', 'W', 'خنک', 3, 'گلی میوه ای', 'قبل از 98', '\"انگور فرنگی سیاه'),
(46, 63, 'تي رز', 'پرفیموز ورکشاپ', 'ژانیل', 'Perfumer`s Workshop-Tea Rose', 'W', 'خنک', 3, 'رایحه های گلی', 'قبل از 98', '\"ترنج (برگاموت)'),
(47, 65, 'جادور', 'کریستین دیور', 'ژانیل', 'Christian Dior-Jadore', 'W', 'گرم', 5, 'گلی میوه ای', 'قبل از 98', '\"ترنج (برگاموت)'),
(48, 67, 'جاسمين (ياس رازقي)   ', 'بدون برند', 'ژانیل', 'Flower Fragrance-Jasmine', 'U', 'گرم', 3, 'رایحه های گلی', 'قبل از 98', 'یاس'),
(49, 68, 'ژان پل مردانه  ', 'ژان پل گوتیه', 'ژانیل', 'Jean Paul Gaultier-Le Male for men', 'M', 'گرم', 4, 'شرقی فوژ', 'قبل از 98', '\"اسطوخدوس'),
(50, 69, 'نايت فلایت  ', 'جوپ', 'ژانیل', 'Joop!-Night Flight', 'M', 'خنک', 4, 'رایحه های شرقی', 'قبل از 98', '\"آناناس'),
(51, 70, 'جوپ هوم', 'جوپ', 'ژانیل', 'Joop!-Homme', 'M', 'گرم', 5, 'شرقی فوژ', 'قبل از 98', '\"پرتقال ماندارین'),
(52, 71, 'جووان ماسك  ', 'جووان', 'ژانیل', 'Jovan-Jovan Musk for men', 'M', 'گرم', 4, 'گلی چوبی مشک', 'قبل از 98', '\"فلفل'),
(53, 74, 'خليجي', 'الرحاب', 'ژانیل', 'Al_Rehab-Khaliji', 'U', 'گرم', 4, 'ادویه ای مرکباتی', 'قبل از 98', 'لمون گرس، نت های ادویه ای، مرکبات، مشک سفید، چوب صندل، عنبر'),
(54, 77, 'دانهيل ديزاير  ', 'آلفرد دانهیل', 'ژانیل', 'Alfred Dunhill-Desire for Men', 'M', 'خنک', 4, 'آروماتیک سبز', 'قبل از 98', '\"پرتقال ماندارین'),
(55, 78, 'دانهيل فرش   ', 'آلفرد دانهیل', 'ژانیل', 'Alfred Dunhill-Dunhill Fresh', 'M', 'خنک', 4, 'چوبی ', 'قبل از 98', '\"اسطوخدوس'),
(56, 79, 'دانهيل قهوه اي', 'آلفرد دانهیل', 'ژانیل', 'Alfred Dunhill-Dunhill for Men', 'M', 'گرم', 5, 'شرقی چوبی', 'قبل از 98', '\"اسطوخدوس'),
(57, 80, 'دراكار سبز   ', 'لوراک', 'ژانیل', 'Guy Laroche-Drakkar Noir', 'M', 'گرم', 5, 'آروماتیک فوژ', 'قبل از 98', '\"اسطوخدوس'),
(58, 81, 'دراكار نویر', 'لوراک', 'ژانیل', 'Guy Laroche-Drakkar Noir', 'M', 'گرم', 5, 'آروماتیک فوژ', 'قبل از 98', '\"اسطوخدوس'),
(59, 82, 'ادن', 'کاچارل', 'ژانیل', 'Cacharel-Eden', 'W', 'گرم', 4, 'رایحه های گلی', 'قبل از 98', '\"پرتقال ماندارین'),
(60, 84, 'دانهیل مردانه', 'آلفرد دانهیل', 'ژانیل', 'Alfred Dunhill-Dunhill for Men', 'M', 'گرم', 4, 'شرقی چوبی', 'قبل از 98', '\"اسطوخدوس'),
(61, 86, 'رالف', 'رالف لورن', 'ژانیل', 'Ralph Lauren-Ralph', 'W', 'خنک', 4, 'گلی میوه ای', 'قبل از 98', 'هندوانه ، توت فرنگی'),
(62, 87, 'رومنس مردانه  ', 'رساسی', 'ژانیل', 'Rassasi-Romance Men', 'M', 'معتدل', 4, 'گلی چوبی مشک', 'قبل از 98', 'تمشک ، زرد آلو ، سنبل ، گل یلانگ، هلو'),
(63, 89, 'ري اكشن   ', 'کنت کول', 'ژانیل', 'Kenneth Cole-Reaction', 'M', 'خنک', 4, 'مرکبات آروماتیک', 'قبل از 98', '\"سیب سبز'),
(64, 90, 'سكسي گرافيتي   ', 'اسکادا ', 'ژانیل', 'Escada-Sexy Graffiti', 'W', 'گرم', 4, 'گلی میوه ای', 'قبل از 98', '\"انگور فرنگی سیاه'),
(65, 91, 'سلطان', 'بدون برند', 'ژانیل', 'No Brand-Sultan', 'U', 'معتدل', 3, 'شرقی وانیلی', 'قبل از 98', '\"آناناس'),
(66, 93, 'سي اچ زنانه ', 'كارولينا هررا', 'ژانیل', 'Carolina Herrera-CH Women', 'W', 'معتدل', 4, 'شرقی گلی', 'قبل از 98', '\"ترنج (برگاموت)'),
(67, 96, 'سيگار', 'رمی', 'ژانیل', 'Remy Latour-Cigar', 'U', 'گرم', 4, 'آروماتیک میوه ای', 'قبل از 98', '\"آلو'),
(68, 97, 'سيلور سنت', 'بوگارت', 'ژانیل', 'Jacques Bogart-Silver Scent', 'M', 'گرم', 4, 'شرقی چوبی', 'قبل از 98', 'لیمو ترش ، شکوفه پرتغال'),
(69, 98, 'سيلور شادو   ', 'دیویدف', 'ژانیل', 'Davidoff-Silver Shadow', 'M', 'گرم', 4, 'شرقی چوبی', 'قبل از 98', '\"پرتقال تلخ'),
(70, 99, 'شنل 5', 'شنل', 'ژانیل', 'Chanel-Chanel 5', 'W', 'گرم', 4, 'گلی آلدهیدی', 'قبل از 98', '\"آلدئید'),
(71, 101, 'چنس', 'شنل', 'ژانیل', 'Chanel-Chance', 'W', 'خنک', 4, 'قبرسی گلی', 'قبل از 98', 'آناناس، نعناع هندی، فلفل صورتی، لیمو،'),
(72, 102, 'شب بو   ', 'بدون برند', 'ژانیل', 'Flower Fragrance-PITTOSPORUM', 'U', 'گرم', 5, 'رایحه های گلی', 'قبل از 98', 'یاس'),
(73, 105, 'فارنهايت', 'کریستین دیور', 'ژانیل', 'Christian Dior-Farenheit', 'M', 'خنک', 5, 'چوبی گلی مشک', 'قبل از 98', '\"اسطوخدوس'),
(74, 107, 'فيجي', 'لوراک', 'ژانیل', 'Guy Laroche-Fidji', 'W', 'خنک', 4, 'رایحه های گلی', 'قبل از 98', 'ترنج ، سنبل ، زنبق ، گالبانوم'),
(75, 109, 'كاپتان بلك', 'الکسیر ادن', 'ژانیل', 'Elixirs of Eden-Captain Black', 'U', 'گرم', 5, 'شرقی وانیلی', 'قبل از 98', '0'),
(76, 111, 'كارتيه پاشا  ', 'كارتيه', 'ژانیل', 'Cartier-Pasha Cartier', 'M', 'گرم', 5, 'چوبی آروماتیک', 'قبل از 98', '\"اسطوخدوس'),
(77, 112, 'كالكشن', 'اسکادا ', 'ژانیل', 'Escada-Collection', 'W', 'گرم', 4, 'رایحه های شرقی', 'قبل از 98', '\"آلو'),
(78, 113, 'كانانگا   ', 'بدون برند', 'ژانیل', 'No Brand-Kananga', 'U', 'معتدل', 4, 'آروماتیک', 'قبل از 98', '0'),
(79, 114, 'جانگل تايگر   ', 'كنزو', 'ژانیل', 'Kenzo-Jungle Tiger', 'W', 'معتدل', 4, 'شرقی ادویه ای', 'قبل از 98', '\"کامکوات (پرتقال زینتی)'),
(80, 117, 'كنزو لئوپار', 'كنزو', 'ژانیل', 'Kenzo-L\'Eau Par', 'W', 'خنک', 4, 'گلی آبی', 'قبل از 98', '\"پرتقال ماندارین'),
(81, 122, 'غنچه', 'بدون برند', 'ژانیل', 'Flower Fragrance-Rose', 'U', 'معتدل', 5, 'رایحه های گلی', 'قبل از 98', 'رز'),
(82, 123, 'گلامور ', 'رالف لورن', 'ژانیل', 'Ralph Lauren-Glamourous', 'W', 'معتدل', 4, 'رایحه های گلی', 'قبل از 98', '\"پیوند نارنگی با پرتقال'),
(83, 125, 'گوچي راش', 'گوجي', 'ژانیل', 'Gucci-Rush Gucci', 'W', 'معتدل', 4, 'قبرسی میوه ای', 'قبل از 98', '\"گل یاسمن (گاردنیا) کالیفرنیا'),
(84, 126, 'گود لايف   ', 'دیویدف', 'ژانیل', 'Davidoff-Good Life for men', 'M', 'خنک', 4, 'چوبی گلی مشک', 'قبل از 98', '\"اسطوخدوس'),
(85, 127, 'لاکوست اسنشيال', 'لاکوست', 'ژانیل', 'Lacoste-Essential', 'M', 'خنک', 5, 'چوبی آروماتیک', 'قبل از 98', '\"برگ گوجه فرنگی'),
(86, 129, 'لاکوست رد', 'لاکوست', 'ژانیل', 'Lacoste-Red', 'M', 'گرم', 4, 'چوبی گلی مشک', 'قبل از 98', '\"توجا (سرو نوش)'),
(87, 130, 'ليبرت', 'کاچارل', 'ژانیل', 'Cacharel-Liberte', 'W', 'خنک', 4, 'شرقی گلی', 'قبل از 98', '\"عسل'),
(88, 132, 'مريم', 'بدون برند', 'ژانیل', 'Flower Fragrance-Tuberose', 'U', 'گرم', 3, 'رایحه های گلی', 'قبل از 98', 'گل مریم'),
(89, 134, 'ميدنايت پویزن', 'کریستین دیور', 'ژانیل', 'Christian Dior-Midnight Poision', 'W', 'گرم', 5, 'چوبی قبرسی', 'قبل از 98', '\"پرتقال ماندارین'),
(90, 135, 'نارسيس', 'كلوهه', 'ژانیل', 'Chloe-Narcisse', 'W', 'گرم', 4, 'شرقی گلی', 'قبل از 98', '\"آناناس'),
(91, 136, 'وان من شو', 'بوگارت', 'ژانیل', 'Jacques Bogart-One Man Show ', 'M', 'گرم', 4, 'قبرسی', 'قبل از 98', '\"باریجه'),
(92, 137, 'وان ميليون', 'پاکو رابان', 'ژانیل', 'Paco Rabanne-One Million', 'M', 'گرم', 4, 'چوبی ادویه ای', 'قبل از 98', '\"گریپ فروت'),
(93, 138, 'برايت كريستال', 'ورساچه', 'ژانیل', 'Versace-Bright Crystal', 'W', 'خنک', 5, 'گلی میوه ای', 'قبل از 98', '\"انار'),
(94, 139, 'برايت كريستال', 'ورساچه', 'ژانیل', 'Versace-Bright Crystal', 'W', 'خنک', 4, 'گلی میوه ای', 'قبل از 98', '\"انار'),
(95, 140, 'كريستال نوير', 'ورساچه', 'ژانیل', 'Versace-Crystal Noir', 'W', 'گرم', 4, 'شرقی گلی', 'قبل از 98', '\"زنجبیل'),
(96, 141, 'ورساچه مردانه   ', 'ورساچه', 'ژانیل', 'Versace-Versace Man', 'M', 'گرم', 4, 'چوبی ادویه ای', 'قبل از 98', '\"ترنج (برگاموت)'),
(97, 144, 'هاواك', 'بدون برند', 'ژانیل', 'No Brand-Havoc', 'U', 'گرم', 4, 'رایحه های شرقی', 'قبل از 98', '\"ترنج (برگاموت)'),
(98, 146, 'هاير', 'کریستین دیور', 'ژانیل', 'Christian Dior-Higher', 'M', 'گرم', 3, 'چوبی آروماتیک', 'قبل از 98', '\"ریحان'),
(99, 147, 'هوگو انرژي', 'هوگو باس', 'ژانیل', 'Hugo Boss-Hugo Energise', 'M', 'خنک', 4, 'چوبی آروماتیک', 'قبل از 98', '\"آناناس'),
(100, 149, 'هوگو مردانه  ', 'هوگو باس', 'ژانیل', 'Hugo Boss-Hugo for Men', 'M', 'خنک', 4, 'آروماتیک سبز  ', 'قبل از 98', '\"اسطوخدوس'),
(101, 150, 'هوگو زنانه', 'هوگو باس', 'ژانیل', 'Hugo Boss-Boss Woman', 'W', 'خنک', 4, 'گلی میوه ای', 'قبل از 98', 'نارنگی ماندارین ، انبه'),
(102, 151, 'هيپنوز   ', 'لانکوم', 'ژانیل', 'Lancome-Hypnose', 'W', 'گرم', 4, 'شرقی وانیلی', 'قبل از 98', 'گل ساعتی'),
(103, 193, 'ماري جوانا', 'بای ردو', 'ژانیل', 'Byredo-Marıjuana', 'U', 'گرم', 5, 'رایحه های شرقی', '1398/11/16', 'گیاه ماری جوانا'),
(104, 775, 'Jean Niel No 7', 'ژانیل', 'ژانیل', 'Jean Niel No 7', 'U', 'گرم', 6, 'رایحه های شرقی', '1399/07/17', '0'),
(105, 781, 'اكسنتو ', 'سوسپيرو', 'ژانیل', 'Sospiro-Accento', 'U', 'گرم', 5, 'شرقی چوبی', '1398/11/16', '\"آناناس'),
(106, 1201, ' ورسوز', 'بدون برند', 'ژانیل', 'No Brand-Versus', 'U', 'معتدل', 5, 'آروماتیک سبز  ', 'قبل از 98', '\"اسطوخدوس'),
(107, 1207, 'نرگس', 'بدون برند', 'ژانیل', 'Flower Fragrance-Narcissus', 'U', 'گرم', 4, 'شرقی گلی', 'قبل از 98', 'نرگس'),
(108, 1213, 'انلي رز ', 'بدون برند', 'ژانیل', 'Flower Fragrance-Rose', 'U', 'معتدل', 4, 'شرقی گلی', 'قبل از 98', 'گل رز'),
(109, 1225, 'جوپ قرمز', 'جوپ', 'ژانیل', 'Joop!-Homme', 'M', 'گرم', 5, 'شرقی فوژ', 'قبل از 98', '\"پرتقال ماندارین'),
(110, 1227, 'دانهيل قرمز', 'آلفرد دانهیل', 'ژانیل', 'Alfred Dunhill-Desire for Men', 'M', 'گرم', 4, 'شرقی چوبی', 'قبل از 98', '\"ترنج (برگاموت)'),
(111, 1229, 'حرم اعلا', 'بدون برند', 'ژانیل', 'No Brand-Haram', 'U', 'گرم', 4, 'رایحه های گلی', 'قبل از 98', '\"پیوند نارنگی با پرتقال'),
(112, 1462, 'یلو دياموند ', 'ورساچه', 'ژانیل', 'Versace-Yellow Diamond', 'W', 'معتدل', 4, 'رایحه های گلی', 'قبل از 98', '\"ترنج (برگاموت)'),
(113, 1522, 'دانهیل آيكون ', 'آلفرد دانهیل', 'ژانیل', 'Alfred Dunhill-Dunhill Icon', 'M', 'معتدل', 5, 'چوبی آروماتیک', 'قبل از 98', '\"برگ نارنج'),
(114, 1524, 'مني فستو  ', 'ایف سن لورن', 'ژانیل', 'Yves Saint Laurent-Manifesto', 'W', 'گرم', 5, 'شرقی گلی', 'قبل از 98', '\"انگور فرنگی سیاه'),
(115, 10014, 'چاستيتي مردانه ', 'رساسی', 'ژانیل', 'Rassasi-Chastity for Men', 'M', 'گرم', 4, 'شرقی چوبی', 'قبل از 98', '\"ترنج (برگاموت)'),
(116, 10017, 'گل محمدي ', 'بدون برند', 'ژانیل', 'Flower Fragrance-Rose', 'U', 'معتدل', 4, 'شرقی گلی', 'قبل از 98', 'گل رز'),
(117, 10035, 'الفارس', 'الرحاب', 'ژانیل', 'Al_Rehab-Al Fares', 'U', 'گرم', 5, 'شرقی فوژ', 'قبل از 98', '\"پرتقال ماندارین'),
(118, 10039, 'چمستري گرين ', 'اجمل', 'ژانیل', 'Ajmal-Chemistry for Men', 'M', 'گرم', 4, 'آروماتیک فوژ', 'قبل از 98', 'گریپ فروت ، جوز ، هل ، ریحان ، نارنگی ماندارین'),
(119, 10040, 'توسكان لدر', 'تام فورد', 'ژانیل', 'Tom Ford-Tuscan Leather', 'U', 'گرم', 4, 'چرم', 'قبل از 98', '\"آویشن'),
(120, 10041, 'آمتيس  ', 'لاليك', 'ژانیل', 'Lalique-Amethyst', 'W', 'معتدل', 5, 'گلی میوه ای', 'قبل از 98', '\"انگور فرنگی سیاه'),
(121, 10050, 'آمتيس ', 'لاليك', 'ژانیل', 'Lalique-Amethyst', 'W', 'معتدل', 4, 'گلی میوه ای', 'قبل از 98', '\"انگور فرنگی سیاه'),
(122, 10051, 'له پارفوم زنانه ', 'لاليك', 'ژانیل', 'Lalique-Le Parfum', 'W', 'گرم', 4, 'رایحه های شرقی', 'قبل از 98', '\"برگ بو'),
(123, 10053, 'توسكان لدر', 'تام فورد', 'ژانیل', 'Tom Ford-Tuscan Leather', 'U', 'گرم', 5, 'چرم ', 'قبل از 98', '\"آویشن'),
(124, 10054, 'نارسيسو رودريگز فورهر  ', 'نارسيسو رودریگز', 'ژانیل', 'Narciso Rodriguez-For Her', 'W', 'گرم', 5, 'چوبی گلی مشک', 'قبل از 98', '\"اسمانتوس'),
(125, 10055, 'نارسيسو رودريگز فورهر ', 'نارسيسو رودریگز', 'ژانیل', 'Narciso Rodriguez-For Her', 'W', 'معتدل', 4, 'چوبی گلی مشک', 'قبل از 98', '\"اسمانتوس'),
(126, 10068, 'ابرکرومبی مردانه', 'ابركرومبي', 'ژانیل', 'Abercrombie&Fitch-For Men', 'M', 'خنک', 4, 'چوبی آروماتیک', 'قبل از 98', '\"برگ نارنج'),
(127, 10070, 'لانويت د لوم ', 'ایف سن لورن', 'ژانیل', 'Yves Saint Laurent-La Nuit De L\'Homme', 'M', 'گرم', 3, 'چوبی ادویه ای', 'قبل از 98', 'هل'),
(128, 10125, 'سلطان', 'بدون برند', 'ژانیل', 'No Brand-Sultan', 'U', 'معتدل', 3, 'شرقی وانیلی', 'قبل از 98', '\"آناناس'),
(129, 10126, 'جاست زنانه ', 'روبرتو کاوالی', 'ژانیل', 'Roberto Cavalli-Just Cavalli for Her', 'W', 'گرم', 4, 'رایحه های گلی', 'قبل از 98', 'گلهای تاهیتی'),
(130, 10127, 'ماندارين دي آمالفي  ', 'تام فورد', 'ژانیل', 'Tom Ford-Mandarino Di Amalfi ', 'U', 'خنک', 5, 'مرکبات آروماتیک', 'قبل از 98', '\"انگور فرنگی سیاه'),
(131, 10128, 'لاکوست پينك', 'لاکوست', 'ژانیل', 'Lacoste-Touch of Pink', 'W', 'خنک', 5, 'گلی میوه ای', 'قبل از 98', '\"پرتقال خونی'),
(132, 10129, 'آنجئو دمون له سكرت  ', 'جیونچی', 'ژانیل', 'Givenchy-Ange ou Demon/Etrange le Secret', 'W', 'معتدل', 5, 'رایحه های گلی', 'قبل از 98', '\"چای'),
(133, 10131, 'سيلور مونتين', 'كريد', 'ژانیل', 'Creed-Silver Mountain', 'U', 'خنک', 4, 'آروماتیک', 'قبل از 98', '\"پرتقال ماندارین'),
(134, 10133, 'چنس', 'شنل', 'ژانیل', 'Chanel-Chance', 'W', 'خنک', 5, 'قبرسی گلی', 'قبل از 98', 'آناناس، نعناع هندی، فلفل صورتی، لیمو،'),
(135, 10138, 'الور هوم اسپرت  ', 'شنل', 'ژانیل', 'Chanel-Allure Homme sport', 'M', 'خنک', 5, 'چوبی ادویه ای', 'قبل از 98', '\"آلدئید'),
(136, 10139, 'تق هرمس', 'هرمس', 'ژانیل', 'Hermes-Terre', 'M', 'خنک', 5, 'چوبی ادویه ای ', 'قبل از 98', '\"گریپ فروت'),
(137, 10140, 'لجند', 'مون بلان', 'ژانیل', 'Mont Blanc-Legend', 'M', 'خنک', 5, 'آروماتیک فوژ', 'قبل از 98', '\"آناناس'),
(138, 10141, 'اونتوس', 'كريد', 'ژانیل', 'Creed-Aventus', 'M', 'خنک', 4, 'قبرسی میوه ای', 'قبل از 98', '\"آناناس'),
(139, 10142, 'بلك اركيد', 'تام فورد', 'ژانیل', 'Tom Ford-Black Orchid ', 'W', 'گرم', 5, 'شرقی گلی', 'قبل از 98', '\"انگور فرنگی سیاه'),
(140, 10143, 'چنس', 'شنل', 'ژانیل', 'Chanel-Chance', 'W', 'خنک', 6, 'قبرسی گلی', 'قبل از 98', 'آناناس، نعناع هندی، فلفل صورتی، لیمو،'),
(141, 10144, 'بلو شانل', 'شنل', 'ژانیل', 'Chanel-Bleu de Chanel', 'M', 'خنک', 6, 'چوبی آروماتیک', 'قبل از 98', '\"فلفل قرمز'),
(142, 10145, 'ايفوريا زنانه', 'کالوین کلین', 'ژانیل', 'Calvin Klein-Euphoria Women', 'W', 'گرم', 5, 'شرقی گلی', 'قبل از 98', 'انار'),
(143, 10146, 'لاکوست ال 12 بلان (سفيد)    ', 'لاکوست', 'ژانیل', 'Lacoste-L.12.12 Blanc', 'M', 'خنک', 5, 'چوبی آروماتیک', 'قبل از 98', '\"cedar needles'),
(144, 10147, 'سيلور سنت', 'بوگارت', 'ژانیل', 'Jacques Bogart-Silver Scent', 'M', 'خنک', 5, 'شرقی چوبی', 'قبل از 98', '\"شکوفه پرتقال'),
(145, 10148, 'له اينستنت    ', 'گرلن', 'ژانیل', 'Guerlain-L\'Instant for Men ', 'M', 'گرم', 5, 'چوبی ادویه ای', 'قبل از 98', '\"ترنج (برگاموت)'),
(146, 10149, 'سي اچ مردانه', 'کارولینا هررا', 'ژانیل', 'Carolina Herrera-CH For Men', 'M', 'گرم', 5, 'شرقی ادویه ای', 'قبل از 98', '\"ترنج (برگاموت)'),
(147, 10150, 'اوپيوم مردانه ', 'ایف سن لورن', 'ژانیل', 'Yves Saint Laurent-Opium men', 'M', 'گرم', 4, 'شرقی وانیلی', 'قبل از 98', '\"شکوفه پرتقال'),
(148, 10156, 'گوچي پور هوم II', 'گوجي', 'ژانیل', 'Gucci-Pour Homme II', 'M', 'گرم', 5, 'چوبی ادویه ای', 'قبل از 98', '\"برگ بنفشه'),
(149, 10157, 'هوم كولون', 'کریستین دیور', 'ژانیل', 'Christian Dior-Homme Cologn', 'M', 'خنک', 5, 'چوبی گلی مشک', 'قبل از 98', '\"اسطوخدوس'),
(150, 10158, 'ویوالا', 'جویسی کوتر', 'ژانیل', 'Juicy Couture-Viva La', 'W', 'خنک', 5, 'گلی میوه ای', 'قبل از 98', '\"پرتقال ماندارین'),
(151, 10159, 'پگاسوس', 'پارفومز د مارلی', 'ژانیل', 'Parfums de Marly-Pegasus', 'M', 'گرم', 5, 'شرقی فوژ', 'قبل از 98', '\"ترنج (برگاموت)'),
(152, 10160, 'بلو شانل', 'شنل', 'ژانیل', 'Chanel-Bleu de Chanel', 'M', 'خنک', 4, 'چوبی آروماتیک', 'قبل از 98', '\"فلفل قرمز'),
(153, 10238, 'لوم ليبر مردانه  ', 'ایف سن لورن', 'ژانیل', 'Yves Saint Laurent-L\'Homme Libre', 'M', 'خنک', 5, 'چوبی ادویه ای', 'قبل از 98', 'ترنج، بادیان ختایی، ریحان، برگ بنفشه'),
(154, 10243, 'لاکوست چلنج ري فرش  ', 'لاکوست', 'ژانیل', 'Lacoste-Challenge Re/Fresh', 'M', 'معتدل', 5, 'آروماتیک ادویه ای', 'قبل از 98', '\"درخت توس'),
(155, 10248, 'آكاجيو اسنزا  ', 'جورجیو آرمانی', 'ژانیل', 'Giorgio Armani-Acqua Di Gio Essenza', 'M', 'خنک', 5, 'چوبی آبی', 'قبل از 98', '\"calone'),
(156, 10253, 'عود نوير', 'ورساچه', 'ژانیل', 'Versace-Oud Noir ', 'M', 'گرم', 5, 'شرقی چوبی', 'قبل از 98', '\"ادویه ها'),
(157, 10258, 'عود اصفهان', 'کریستین دیور', 'ژانیل', 'Christian Dior-Oud Spahan', 'U', 'گرم', 6, 'شرقی گلی', 'قبل از 98', 'لادن'),
(158, 10263, 'هيدن فانتزي  ', 'بریتنی اسپیرز', 'ژانیل', 'Britney Spears-Hidden Fantasy', 'W', 'گرم', 5, 'گلی میوه ای اشباع', 'قبل از 98', '\"روغن شکوفه پرتقال'),
(159, 10268, 'مولكول 02', 'اسنتریک مولکول', 'ژانیل', 'Escentric Molecules-Escentric 02', 'U', 'گرم', 5, 'شرقی گلی', 'قبل از 98', 'زنبق، یاس، آمبروکسان، ترکیب ایزو ای سوپر'),
(160, 10273, 'لانويت د لوم', 'ایف سن لورن', 'ژانیل', 'Yves Saint Laurent-La Nuit De L\'Homme', 'M', 'گرم', 5, 'چوبی ادویه ای', 'قبل از 98', 'هل'),
(161, 10278, 'بلو سداکشن ', 'آنتونیو باندراس', 'ژانیل', 'Antonio Banderas-Blue Seduction', 'M', 'خنک', 5, 'شرقی فوژ', 'قبل از 98', '\"انگور فرنگی سیاه'),
(162, 10283, 'آكوا بولگاري', 'بولگاری', 'ژانیل', 'Bvlgari-Aqua for Men', 'M', 'خنک', 5, 'آروماتیک آبی', 'قبل از 98', '\"برگ نارنج'),
(163, 10288, 'اديكت', 'کریستین دیور', 'ژانیل', 'Christian Dior-Addict', 'W', 'گرم', 6, 'شرقی گلی', 'قبل از 98', '\"برگ ماندارین'),
(164, 10293, 'ورساچه پور هوم  ', 'ورساچه', 'ژانیل', 'Versace-Versace Pour Homme', 'M', 'خنک', 5, 'آروماتیک فوژ', 'قبل از 98', '\"ترنج (برگاموت)'),
(165, 10299, 'انكر نوير  ', 'لاليك', 'ژانیل', 'Lalique-Encre Noire', 'M', 'گرم', 6, 'چوبی آروماتیک', 'قبل از 98', 'سرو'),
(166, 10310, 'اكلت', 'لانوین', 'ژانیل', 'Lanvin-Eclat d’Arpège', 'W', 'خنک', 5, 'رایحه های گلی', 'قبل از 98', '\"برگ نارنج'),
(167, 10315, 'عود وود', 'تام فورد', 'ژانیل', 'Tom Ford-Oud Wood', 'U', 'گرم', 5, 'شرقی چوبی', 'قبل از 98', '\"توسکا برزیل'),
(168, 10324, 'جگوار كلاسيك ', 'جگوار', 'ژانیل', 'Jaguar-Classic Black', 'M', 'گرم', 5, 'آروماتیک میوه ای', 'قبل از 98', '\"پرتقال تلخ'),
(169, 10325, 'سي كي تو', 'کالوین کلین', 'ژانیل', 'Calvin Klein-CK 2', 'U', 'خنک', 5, 'چوبی آروماتیک', 'قبل از 98', '\"برگ بنفشه'),
(170, 10330, 'سلطان', 'بدون برند', 'ژانیل', 'No Brand-Sultan', 'U', 'معتدل', 6, 'شرقی وانیلی', 'قبل از 98', '\"آناناس'),
(171, 10334, 'جاسمين نوير', 'بولگاری', 'ژانیل', 'Bvlgari-Jasmin Noir', 'W', 'گرم', 5, 'شرقی گلی', 'قبل از 98', '\"گل یاسمن (گاردنیا)'),
(172, 10339, 'تريزور ميد نايت رز   ', 'لانکوم', 'ژانیل', 'Lancome-Tresor Midnight Rose', 'W', 'گرم', 5, 'گلی چوبی مشک', 'قبل از 98', '\"تمشک'),
(173, 10344, 'اونتوس', 'كريد', 'ژانیل', 'Creed-Aventus', 'M', 'خنک', 5, 'قبرسی میوه ای', 'قبل از 98', '\"آناناس'),
(174, 10349, 'فلاور بامب', 'ویکتور اند رالف', 'ژانیل', 'Viktor&Rolf-Flower Bomb', 'W', 'گرم', 6, 'شرقی گلی', 'قبل از 98', '\"اسمانتوس'),
(175, 10354, 'آنجئو اترنج   ', 'جیونچی', 'ژانیل', 'Givenchy-Ange ou Etrange', 'W', 'گرم', 5, 'شرقی گلی', 'قبل از 98', '\"آویشن'),
(176, 10359, 'آكاجيو پرفومو  ', 'جورجیو آرمانی', 'ژانیل', 'Giorgio Armani-Acqua Di Gio Profumo', 'M', 'خنک', 5, 'آروماتیک آبی', 'قبل از 98', '\"ترنج (برگاموت)'),
(177, 10375, 'عنبر ', 'بدون برند', 'ژانیل', 'No Brand-Amber', 'U', 'گرم', 5, 'رایحه های شرقی', 'قبل از 98', 'عنبر'),
(178, 10378, 'اس آي اينتس   ', 'جورجیو آرمانی', 'ژانیل', 'Giorgio Armani-Si Intense', 'W', 'گرم', 5, 'قبرسی میوه ای', 'قبل از 98', '\"انگور فرنگی سیاه'),
(179, 10383, 'ايدل زنانه   ', 'گرلن', 'ژانیل', 'Guerlain-Idylle', 'W', 'گرم', 6, 'رایحه های گلی', 'قبل از 98', '\"تمشک'),
(180, 10388, 'اروس', 'ورساچه', 'ژانیل', 'Versace-Eros', 'M', 'خنک', 5, 'آروماتیک فوژ', 'قبل از 98', '\"سیب سبز'),
(181, 10392, 'لجند اسپريت   ', 'مون بلان', 'ژانیل', 'Mont Blanc-Legend Spirit', 'M', 'خنک', 6, 'چوبی آروماتیک', 'قبل از 98', '\"ترنج (برگاموت)'),
(182, 10397, 'لوي بل', 'لانکوم', 'ژانیل', 'Lancome-La Vie est Belle', 'W', 'گرم', 6, 'گلی میوه ای اشباع', 'قبل از 98', '\"انگور فرنگی سیاه'),
(183, 10402, 'بلك اوپيوم', 'ایف سن لورن', 'ژانیل', 'Yves Saint Laurent-Black Opium', 'W', 'گرم', 5, 'شرقی وانیلی', 'قبل از 98', '\"شکوفه پرتقال'),
(184, 10413, 'ورسوس   ', 'ورساچه', 'ژانیل', 'Versace-Versus', 'W', 'معتدل', 5, 'گلی میوه ای', 'قبل از 98', '\"سیب ستاره'),
(185, 10418, 'اينترلود  ', 'آمواج', 'ژانیل', 'Amouage-Interlude', 'M', 'گرم', 5, 'شرقی چوبی', 'قبل از 98', '\"پونه کوهی'),
(186, 10428, 'مريم', 'بدون برند', 'ژانیل', 'Flower Fragrance-Tuberose', 'U', 'گرم', 5, 'رایحه های گلی', 'قبل از 98', 'گل مریم'),
(187, 10433, 'هاير', 'كريستن ديور', 'ژانیل', 'Christian Dior-Higher', 'M', 'گرم', 5, 'چوبی آروماتیک', 'قبل از 98', '\"ریحان'),
(188, 10438, 'وايت ماسك ', 'بدون برند', 'ژانیل', 'No Brand-White Musk', 'U', 'گرم', 6, 'رایحه های شرقی', 'قبل از 98', 'مشک'),
(189, 10444, 'اومو', 'تروساردی', 'ژانیل', 'Trussardi-Uomo', 'M', 'معتدل', 4, 'آروماتیک', 'قبل از 98', '\"آلدئید'),
(190, 10449, 'او ساویج کولون', 'کریستین دیور', 'ژانیل', 'Christian Dior-Eau Sauvage Cologne', 'M', 'خنک', 5, 'مرکبات آروماتیک', 'قبل از 98', 'گریپ فروت، ترنج، نارنگی ماندارین'),
(191, 10459, 'سي كي وان گلد', 'کالوین کلین', 'ژانیل', 'Calvin Klein-CK One Gold', 'U', 'گرم', 5, 'چوبی', 'قبل از 98', '\"انجیر'),
(192, 10464, 'اينوكتوس آكوا  ', 'پاکو رابان', 'ژانیل', 'Paco Rabanne-Invictus Aqua ', 'M', 'خنک', 5, 'چوبی آبی', 'قبل از 98', '\"فلفل قرمز'),
(193, 10469, 'كارتيه پاشا اديشن نوير اسپرت  ', 'كارتيه', 'ژانیل', 'Cartier-Pasha Edition Noir Sport', 'M', 'خنک', 5, 'چوبی آروماتیک', 'قبل از 98', '\"رایحه های آب'),
(194, 10474, 'ديلان بلو', 'ورساچه', 'ژانیل', 'Versace-Dylan Blue', 'M', 'معتدل', 5, 'آروماتیک فوژ', 'قبل از 98', '\"برگ درخت انجیر'),
(195, 10478, 'مدرن پرنسس  ', 'لانوین', 'ژانیل', 'Lanvin-Modern Princess', 'W', 'خنک', 5, 'گلی میوه ای', 'قبل از 98', '\"فریزیا'),
(196, 10483, 'گود گرل', 'کارولینا هررا', 'ژانیل', 'Carolina Herrea-Good Girl', 'W', 'معتدل', 5, 'شرقی گلی', 'قبل از 98', '\"بادام'),
(197, 10489, 'دورو ', 'ناسوماتو', 'ژانیل', 'Nasomatto-Duro', 'M', 'گرم', 5, 'چوبی قبرسی', 'قبل از 98', '\"ادویه ها'),
(198, 10495, 'توكسي دو', 'ایف سن لورن', 'ژانیل', 'Yves Saint Laurent-Tuxedo', 'U', 'گرم', 5, 'رایحه های شرقی', 'قبل از 98', '\"رز'),
(199, 10500, 'وايكينگ', 'كريد', 'ژانیل', 'Creed-Viking', 'M', 'خنک', 5, 'آروماتیک سبز', '1398/03/12', '\"ترنج (برگاموت)'),
(200, 10504, 'زعفران  ', 'بدون برند', 'ژانیل', 'Flower Fragrance-Saffron', 'U', 'گرم', 5, 'رایحه های گلی', 'قبل از 98', 'گل زعفران'),
(201, 10507, 'Iran Air', 'بدون برند', 'ژانیل', 'No Brand-Iran Air', 'U', 'گرم', 5, 'قبرسی گلی', 'قبل از 98', '\"پرتقال ماندارین'),
(202, 10509, 'شيک 77 ', 'شیک', 'ژانیل', 'Shaik-Shaik 77', 'M', 'گرم', 5, 'شرقی گلی', '1398/03/12', '\"اسطوخدوس'),
(203, 10510, 'لوم ايدل كولون ', 'گرلن', 'ژانیل', 'Guerlain-L\'Homme Ideal Cologne', 'M', 'خنک', 5, 'مرکبات آروماتیک', '1398/03/12', '\"ترنج (برگاموت)'),
(204, 10511, 'ساویج', 'کریستین دیور', 'ژانیل', 'Christian Dior-Sauvage', 'M', 'خنک', 5, 'آروماتیک فوژ', '1398/06/04', '\"ترنج (برگاموت)'),
(205, 10512, 'مون پاريس  ', 'ایف سن لورن', 'ژانیل', 'Yves Saint Laurent-Mon Paris', 'W', 'گرم', 5, 'چوبی میوه ای', '1398/03/12', '\"calone'),
(206, 10513, 'فلور ناركوتيك  ', 'اکس نیهیلو', 'ژانیل', 'EX Nihillo-Fleur Narcotique', 'U', 'خنک', 5, 'گلی میوه ای', '1398/03/12', '\"ترنج (برگاموت)'),
(207, 10514, 'اربا پورا  ', 'سوسپيرو', 'ژانیل', 'Sospiro-Erba Pura', 'U', 'خنک', 5, 'رایحه های شرقی', '1398/03/12', '\"ترنج (برگاموت)'),
(208, 10515, 'ليلتي افگانو پورو ', 'سوسپيرو', 'ژانیل', 'Sospiro-Laylati/Afghano Puro', 'U', 'گرم', 5, 'چوبی آروماتیک', '1398/03/12', 'رایحه های سبز'),
(209, 10516, 'لوم اولتايم  ', 'ایف سن لورن', 'ژانیل', 'Yves Saint Laurent-L\'Homme Ultime', 'M', 'خنک', 5, 'چوبی میوه ای ', '1398/03/12', '\"ترنج (برگاموت)'),
(210, 10519, 'لاست چري', 'تام فورد', 'ژانیل', 'Tom Ford-Lost Cherry', 'U', 'گرم', 5, 'شرقی گلی', '1398/06/04', '\"بادام'),
(211, 10520, 'Jean Niel No 5', 'ژانیل', 'ژانیل', 'Jean Niel No 5', 'U', 'گرم', 6, 'شرقی چوبی', '1398/06/04', 'لیمو، جوز هندی'),
(212, 10521, 'Jean Niel No 6', 'ژانیل', 'ژانیل', 'Jean Niel No 6', 'U', 'گرم', 6, 'شرقی چوبی', '1398/06/04', 'گریپ فروت، رز، برگاموت، زیره'),
(213, 10522, 'آكاجيو', 'جورجیو آرمانی', 'ژانیل', 'Giorgio Armani-Acqua di Gio for Men', 'M', 'خنک', 5, 'آروماتیک آبی', '1398/11/16', '\"پرتقال ماندارین'),
(214, 10523, 'آرمانی كد ', 'جورجیو آرمانی', 'ژانیل', 'Giorgio Armani-Black Code', 'M', 'گرم', 5, 'شرقی ادویه ای', '1398/11/16', '\"ترنج (برگاموت)'),
(215, 10524, 'گود گرل گان بد ', 'باي كيليان', 'ژانیل', 'By Kilian-Good Girl Gone Bad ', 'W', 'خنک', 5, 'گلی میوه ای', '1398/11/16', '\"اسمانتوس'),
(216, 10525, 'امپريال ميلسيم ', 'كريد', 'ژانیل', 'Creed-Milllesime Imperial', 'U', 'خنک', 5, 'چوبی گلی مشک', '1398/11/16', '\"رایحه میوه ها'),
(217, 10526, 'فلاور اسپرينگ', 'كريد', 'ژانیل', 'Creed-Spring Flowers', 'W', 'خنک', 5, 'گلی میوه ای', '1398/11/16', '\"سیب'),
(218, 10527, 'لايت بلو ', 'دولچه گابانا', 'ژانیل', 'Dolce&Gabbana-Light Blue', 'W', 'خنک', 5, 'گلی میوه ای', '1398/11/16', 'لیمو ترش، گل استکانی، سیب، سدر'),
(219, 10528, 'آناندا ', 'ميكالف', 'ژانیل', 'M.Micallef-Ananda', 'W', 'معتدل', 5, 'رایحه های گلی', '1398/11/16', '\"آلو'),
(220, 10529, 'جاسمين روژ ', 'تام فورد', 'ژانیل', 'Tom Ford-Jasmin Rouge', 'W', 'گرم', 5, 'شرقی گلی', '1398/11/16', '\"پرتقال ماندارین'),
(221, 10530, 'ميدنايت اين پاريس ', 'ون كليف اند آرپلس', 'ژانیل', 'Van Cleef&Arpels-Mindnight in Paris', 'M', 'گرم', 5, 'رایحه های شرقی', '1398/11/16', '\"ترنج (برگاموت)'),
(222, 10531, 'ومنيتي ', 'موگلر', 'ژانیل', 'Mugler-Womanity', 'W', 'معتدل', 5, 'آروماتیک میوه ای', '1398/12/26', 'انجیر، برگ انجیر، درخت انجیر، خاویار'),
(223, 20005, 'نايت فلایت', 'جوپ', 'فرگ آروماتیک', 'Joop!-Night Flight', 'M', 'خنک', 4, 'رایحه های شرقی', 'قبل از 98', '\"آناناس'),
(224, 20006, 'اپن', 'راجر اند گَلِت', 'فرگ آروماتیک', 'Roger & Gallet-Open', 'M', 'گرم', 4, 'چوبی آروماتیک', 'قبل از 98', '\"اسطوخدوس'),
(225, 20018, 'اونتوس كولون', 'كريد', 'فرگ آروماتیک', 'Creed-Aventus Cologne', 'M', 'معتدل', 4, 'آروماتیک میوه ای', 'قبل از 98', 'ترنج، آناناس، انگور فرنگی سیاه، نعناع، سیب'),
(226, 20022, 'مون پاريس ', 'ایف سن لورن', 'فرگ آروماتیک', 'Yves Saint Laurent-Mon Paris', 'W', 'معتدل', 4, 'چوبی میوه ای', '1399/03/10', '\"calone'),
(227, 20023, 'ديلان بلو پور فیم ', 'ورساچه', 'فرگ آروماتیک', 'Versace-Dylan Blue for her', 'W', 'خنک', 4, 'گلی میوه ای', '1399/03/10', 'انگور فرنگی سیاه، شبدر، سیب، گیاه شیسو'),
(228, 20024, 'اينترلود', 'آمواج', 'فرگ آروماتیک', 'Amouage-Interlude ', 'M', 'گرم', 4, 'شرقی چوبی', '1399/03/10', '\"پونه کوهی'),
(229, 20025, 'له آمور', 'لاليك', 'فرگ آروماتیک', 'Lalique-L\'amore', 'W', 'خنک', 4, 'گلی چوبی مشک', '1399/03/10', '\"ترنج (برگاموت)'),
(230, 20028, 'اونتوس', 'كريد', 'فرگ آروماتیک', 'Creed-Aventus', 'M', 'معتدل', 4, 'قبرسی میوه ای', '1399/03/10', '\"آناناس'),
(231, 20030, 'اونتوس', 'كريد', 'فرگ آروماتیک', 'Creed-Aventus', 'M', 'خنک', 3, 'قبرسی میوه ای', '1399/03/10', '\"آناناس'),
(232, 20032, 'بلك افغان', 'ناسوماتو', 'فرگ آروماتیک', 'Nasomatto-Black Afgano', 'U', 'گرم', 4, 'چوبی آروماتیک', '1399/03/10', '\"برگ شاهدانه'),
(233, 20034, 'وانتد گرل', 'آزارو', 'فرگ آروماتیک', 'Azzaro-Wanted Girl', 'W', 'گرم', 4, 'شرقی گلی', 'قبل از 98', 'انار، زنجبیل، فلفل صورتی، شکوفه پرتغال'),
(234, 20035, 'المپیا', 'پاکو رابان', 'فرگ آروماتیک', 'Paco Rabane-Olympea', 'W', 'گرم', 4, 'شرقی گلی', 'قبل از 98', 'یاس، زنجبیل، نارنگی ماندارین'),
(235, 20038, 'پوما اسپرت', 'پوما', 'فرگ آروماتیک', 'Puma-Puma Man', 'U', 'خنک', 4, 'آروماتیک مرکباتی', '1399/03/17', 'پرتغال، لیمو'),
(236, 20039, 'اکوا آلگوریا کوکونات فیز', 'گرلن', 'فرگ آروماتیک', 'Guerlain-Aqua Allegoria Coconut Fizz', 'U', 'معتدل', 5, 'آروماتیک میوه ای', '1399/03/17', 'ترنج، نارگیل'),
(237, 20040, 'چنس', 'شنل', 'فرگ آروماتیک', 'Chanel-Chance', 'W', 'خنک', 4, 'قبرسی گلی', '1399/03/17', 'آناناس، نعناع هندی، فلفل صورتی، لیمو،'),
(238, 20041, 'چمپیون', 'دیویدف', 'فرگ آروماتیک', 'Davidoff-Champion', 'M', 'خنک', 5, 'چوبی آروماتیک', '1399/03/17', '\"ترنج (برگاموت)'),
(239, 20042, 'کول واتر', 'دیویدف', 'فرگ آروماتیک', 'Davidoff-Cool Water ', 'W', 'خنک', 4, 'گلی آبی', '1399/03/17', '\"انگور فرنگی سیاه'),
(240, 20738, 'ژاوي', 'بدون برند', 'فرگ آروماتیک', 'No Brand-Xavi', 'U', 'گرم', 4, 'شرقی فوژ', 'قبل از 98', '\"پرتقال چینی'),
(241, 20739, 'مشك سفيد', 'بدون برند', 'فرگ آروماتیک', 'No Brand-WHITE MUSK', 'U', 'گرم', 4, 'رایحه های شرقی', 'قبل از 98', 'مشک'),
(242, 20740, 'اي لاو لاو ', 'موسچينو', 'فرگ آروماتیک', 'Moschino-I Love Love', 'W', 'خنک', 5, 'گلی چوبی مشک', 'قبل از 98', '\"انگور فرنگی قرمز'),
(243, 20742, 'دانهیل آبي', 'آلفرد دانهیل', 'فرگ آروماتیک', 'Alfred Dunhill-Desire Blue', 'M', 'خنک', 4, 'آروماتیک سبز', 'قبل از 98', '\"پرتقال ماندارین'),
(244, 20744, 'ذن', 'شي سيدو', 'فرگ آروماتیک', 'Shiseido-Zen', 'W', 'خنک', 5, 'گلی چوبی مشک', 'قبل از 98', '\"آناناس'),
(245, 20746, 'آنتولوژي', 'دولچه گابانا', 'فرگ آروماتیک', 'Dolce&Gabbana-Anthology L\'Imperatrice 3', 'W', 'خنک', 4, 'گلی آبی', 'قبل از 98', '\"ریواس'),
(246, 20747, 'ذن', 'شي سيدو', 'فرگ آروماتیک', 'Shiseido-Zen', 'W', 'خنک', 4, 'گلی چوبی مشک', 'قبل از 98', '\"آناناس'),
(247, 20748, 'مشك ختن ', 'بدون برند', 'فرگ آروماتیک', 'No Brand-Musk', 'U', 'گرم', 4, 'شرقی مشکی', 'قبل از 98', 'مشک'),
(248, 20749, 'مشك ختن ', 'بدون برند', 'فرگ آروماتیک', 'No Brand-Musk', 'U', 'گرم', 4, 'شرقی مشکی', 'قبل از 98', 'مشک'),
(249, 20750, 'ملائكه ', 'بدون برند', 'فرگ آروماتیک', 'No Brand-Malaekeh', 'U', 'گرم', 5, 'شرقی مشکی', 'قبل از 98', 'مشک، زعفران'),
(250, 20752, 'اسپايس بامب', 'ویکتور اند رالف', 'فرگ آروماتیک', 'Victor&Rolf-Spicebomb', 'M', 'گرم', 4, 'چوبی ادویه ای', 'قبل از 98', '\"ترنج (برگاموت)'),
(251, 20755, 'ا دو ارونج ورت ', 'هرمس', 'فرگ آروماتیک', 'Hermes-Eau d`Orange Verte', 'U', 'خنک', 4, 'مرکبات', 'قبل از 98', '\"پچولی (نعناع هندی)'),
(252, 20756, 'لوي بل', 'لانکوم', 'فرگ آروماتیک', 'Lancome-La Vie est Belle ', 'W', 'گرم', 4, 'گلی میوه ای اشباع', 'قبل از 98', '\"انگور فرنگی سیاه'),
(253, 20757, 'لوي بل', 'لانکوم', 'فرگ آروماتیک', 'Lancome-La Vie est Belle ', 'W', 'گرم', 3, 'گلی میوه ای اشباع', 'قبل از 98', '\"انگور فرنگی سیاه'),
(254, 20758, 'اونتوس', 'كريد', 'فرگ آروماتیک', 'Creed-Aventus', 'M', 'خنک', 3, 'قبرسی میوه ای', 'قبل از 98', '\"آناناس'),
(255, 20759, 'وياگ', 'ناتیکا', 'فرگ آروماتیک', 'Nautica-Voyage', 'M', 'خنک', 5, 'چوبی آبی', 'قبل از 98', 'سیب، برگهای سبز'),
(256, 20760, 'سيگنورينا', 'سالواتور فراگامو', 'فرگ آروماتیک', 'Salvatore Ferragamo-Signorina ', 'W', 'خنک', 5, 'گلی میوه ای', 'قبل از 98', '\"انگور فرنگی قرمز'),
(257, 20761, 'سيگنورينا', 'سالواتور فراگامو', 'فرگ آروماتیک', 'Salvatore Ferragamo-Signorina ', 'W', 'معتدل', 4, 'گلی میوه ای', 'قبل از 98', '\"انگور فرنگی قرمز'),
(258, 20762, 'بوس باتل آنليميتد', 'هوگو باس', 'فرگ آروماتیک', 'Hugo Boss-Boss Bottled Unlimited', 'M', 'خنک', 4, 'آروماتیک فوژ', 'قبل از 98', '\"برگ بنفشه'),
(259, 20768, 'وري سكسي', 'ویکتوریا سکرت', 'فرگ آروماتیک', 'Victora\'s Secret-Very Sexy', 'W', 'معتدل', 5, 'رایحه های گلی', 'قبل از 98', '\"پیوند نارنگی با پرتقال'),
(260, 20769, '212  سكسي مردانه', 'کارولینا هررا', 'فرگ آروماتیک', 'Carolina Herrera-212 Sexy For Men', 'M', 'گرم', 4, 'شرقی فوژ', 'قبل از 98', '\"پرتقال ماندارین'),
(261, 20770, '212 مردانه', 'کارولینا هررا', 'فرگ آروماتیک', 'Carolina Herrera-212 For Men', 'M', 'معتدل', 3, 'چوبی گلی مشک', 'قبل از 98', '\"ادویه ها'),
(262, 20772, 'سي اچ زنانه', 'کارولینا هررا', 'فرگ آروماتیک', 'Carolina Herrera-CH Women', 'W', 'معتدل', 3, 'شرقی گلی', 'قبل از 98', '\"ترنج (برگاموت)'),
(263, 20773, 'اتيتود', 'جورجیو آرمانی', 'فرگ آروماتیک', 'Giorgio Armani-Attitude for men', 'M', 'گرم', 3, 'شرقی فوژ', 'قبل از 98', '\"قهوه'),
(264, 20774, 'استيل', 'جنیفر لوپز', 'فرگ آروماتیک', 'Jennifer Lopez-Still', 'W', 'خنک', 3, 'رایحه های گلی', 'قبل از 98', '\"برنج'),
(265, 20776, 'اسكارلت', 'کاچارل', 'فرگ آروماتیک', 'Cacharel-Scarlett', 'W', 'معتدل', 4, 'چوبی گلی مشک', 'قبل از 98', '\"چای'),
(266, 20777, 'اسكالپچر', 'نیکوز', 'فرگ آروماتیک', 'Nikos-Sculpture', 'M', 'خنک', 4, 'شرقی فوژ', 'قبل از 98', '\"پرتقال ماندارین'),
(267, 20779, 'اكلت ', 'لانوین', 'فرگ آروماتیک', 'Lanvin-Eclat d’Arpège ', 'W', 'خنک', 3, 'گلی سبز', 'قبل از 98', '\"برگ نارنج'),
(268, 20780, 'اكلت ', 'لانوین', 'فرگ آروماتیک', 'Lanvin-Eclat d’Arpège ', 'W', 'خنک', 4, 'گلی سبز', 'قبل از 98', '\"برگ نارنج'),
(269, 20781, 'اكو دیویدف ', 'دیویدف', 'فرگ آروماتیک', 'Davidoff-Echo', 'M', 'خنک', 4, 'چوبی ادویه ای', 'قبل از 98', '\"جوز هندی'),
(270, 20785, 'ايفوريا مردانه', 'کالوین کلین', 'فرگ آروماتیک', 'Calvin Klein-Euphoria For Men ', 'M', 'معتدل', 4, 'چوبی آروماتیک', 'قبل از 98', '\"زنجبیل'),
(271, 20788, 'اينكانتو', 'سالواتور فراگامو', 'فرگ آروماتیک', 'Salvatore Ferragamo-Incanto ', 'W', 'معتدل', 4, 'شرقی چوبی', 'قبل از 98', '\"آلو'),
(272, 20791, 'آراميس 900', 'آرامیس', 'فرگ آروماتیک', 'Aramis-Aramis 900', 'M', 'گرم', 4, 'چوبی قبرسی', 'قبل از 98', '\"ترنج (برگاموت)'),
(273, 20792, 'آزارو پور هوم الكسير ', 'آزارو', 'فرگ آروماتیک', 'Azzaro-Azzaro Pour Homme Elixir', 'M', 'گرم', 3, 'رایحه های شرقی', 'قبل از 98', 'ترنج، گلابی، اسطوخودوس، شمعدانی، وانیل'),
(274, 20793, 'آزارو كروم', 'آزارو', 'فرگ آروماتیک', 'Azzaro-Azzaro Chrome', 'M', 'خنک', 3, 'مرکبات آروماتیک', 'قبل از 98', '\"آناناس'),
(275, 20794, 'آزارو پورهوم', 'آزارو', 'فرگ آروماتیک', 'Azzaro-Azzaro Pour Homme', 'M', 'گرم', 3, 'آروماتیک فوژ', 'قبل از 98', '\"اسطوخدوس'),
(276, 20795, 'آكاجيو ', 'جورجیو آرمانی', 'فرگ آروماتیک', 'Giorgio Armani-Acqua di Gio for Men', 'M', 'خنک', 4, 'آروماتیک آبی', 'قبل از 98', '\"پرتقال ماندارین'),
(277, 20796, 'آكوا بولگاري', 'بولگاری', 'فرگ آروماتیک', 'Bvlgari-Aqua for Men', 'M', 'خنک', 3, 'آروماتیک آبی', 'قبل از 98', '\"برگ نارنج'),
(278, 20797, 'آكاجيو', 'جورجیو آرمانی', 'فرگ آروماتیک', 'Giorgio Armani-Acqua di Gio for Men', 'M', 'خنک', 3, 'آروماتیک آبی', 'قبل از 98', '\"پرتقال ماندارین'),
(279, 20798, 'الين', 'موگلر', 'فرگ آروماتیک', 'Mugler-Alien ', 'W', 'گرم', 4, 'شرقی چوبی', 'قبل از 98', 'یاسمن'),
(280, 20799, 'الور هوم اسپورت', 'شنل', 'فرگ آروماتیک', 'Chanel-Allure Homme Sport', 'M', 'خنک', 3, 'چوبی ادویه ای', 'قبل از 98', '\"آلدئید'),
(281, 20800, 'آماريج ', 'جیونچی', 'فرگ آروماتیک', 'Givenchy-Amarige', 'W', 'گرم', 3, 'رایحه های گلی', 'قبل از 98', '\"آلو'),
(282, 20801, 'آمور آمور', 'كاچارل', 'فرگ آروماتیک', 'Cacharel-Amor Amor ', 'W', 'گرم', 4, 'گلی میوه ای', 'قبل از 98', '\"انگور فرنگی سیاه'),
(283, 20802, 'انجل', 'موگلر', 'فرگ آروماتیک', 'Mugler-Angel for her', 'W', 'گرم', 4, 'شرقی وانیلی', 'قبل از 98', '\"آناناس'),
(284, 20804, 'باربری ويكند ', 'باربری', 'فرگ آروماتیک', 'Burberry-Weekend', 'W', 'خنک', 4, 'رایحه های گلی', 'قبل از 98', '\"اسپرک'),
(285, 20807, 'برايت كريستال', 'ورساچه', 'فرگ آروماتیک', 'Versace-Bright Crystal', 'W', 'خنک', 4, 'گلی میوه ای', 'قبل از 98', '\"انار'),
(286, 20808, 'دانهيل قهوه اي', 'آلفرد دانهیل', 'فرگ آروماتیک', 'Alfred Dunhill-Dunhill for Men', 'M', 'گرم', 4, 'شرقی چوبی', 'قبل از 98', '\"اسطوخدوس'),
(287, 20809, 'بلك ايكس اس', 'پاکو رابان', 'فرگ آروماتیک', 'Paco Rabanne-Black XS For Her', 'W', 'گرم', 4, 'گلی چوبی مشک', 'قبل از 98', '\"تمر هندی'),
(288, 20810, 'بلك كد آرماني', 'جورجیو آرمانی', 'فرگ آروماتیک', 'Giorgio Armani-Armani Code Black', 'M', 'گرم', 3, 'شرقی ادویه ای', 'قبل از 98', '\"ترنج (برگاموت)'),
(289, 20811, 'بلو شانل', 'شنل', 'فرگ آروماتیک', 'Chanel-Bleu de Chanel', 'M', 'خنک', 3, 'چوبی آروماتیک', 'قبل از 98', '\"فلفل قرمز'),
(290, 20812, 'بلو شانل', 'شنل', 'فرگ آروماتیک', 'Chanel-Bleu de Chanel', 'M', 'خنک', 4, 'چوبی آروماتیک', 'قبل از 98', '\"فلفل قرمز'),
(291, 20816, 'بوس باتل 98 ', 'هوگو باس', 'فرگ آروماتیک', 'Hugo Boss-Boss Bottled 98', 'M', 'معتدل', 4, 'چوبی ادویه ای', 'قبل از 98', '\"چوب ماهون'),
(292, 20817, 'هوگو انرژي', 'هوگو باس', 'فرگ آروماتیک', 'Hugo Boss-Hugo Energise', 'M', 'خنک', 3, 'چوبی آروماتیک', 'قبل از 98', '\"آناناس'),
(293, 20818, 'بوس اورنج', 'هوگو باس', 'فرگ آروماتیک', 'Hugo Boss-Boss Orange', 'W', 'معتدل', 4, 'رایحه های گلی', 'قبل از 98', '\"گل پرتقال آفریقایی'),
(294, 20820, 'بوس پور', 'هوگو باس', 'فرگ آروماتیک', 'Hugo Boss-Boss Pure', 'M', 'معتدل', 3, 'چوبی آبزی', 'قبل از 98', 'لیمو ترش، گریپ فروت، انجیر، نارنگی ماندارین'),
(295, 20821, 'هوگو زنانه', 'هوگو باس', 'فرگ آروماتیک', 'Hugo Boss-Boss Woman', 'W', 'خنک', 3, 'گلی میوه ای', 'قبل از 98', '\"بویسن بری (پیوند شاه توت و تمشک)'),
(296, 20823, 'بوس نايت', 'هوگو باس', 'فرگ آروماتیک', 'Hugo Boss-Boss Night', 'M', 'معتدل', 4, 'چوبی آروماتیک', 'قبل از 98', '\"اسطوخدوس'),
(297, 20825, 'بوس من', 'بدون برند', 'فرگ آروماتیک', 'Hugo Boss-Boss Man', 'U', 'خنک', 4, 'آروماتیک سبز  ', 'قبل از 98', '\"اسطوخدوس'),
(298, 20827, 'بي دليشز', 'دونا کاران', 'فرگ آروماتیک', 'Donna Karan-Be Delicious DKNY', 'W', 'معتدل', 4, 'گلی میوه ای', 'قبل از 98', '\"خیار'),
(299, 20830, 'پلو بلو', 'رالف لورن', 'فرگ آروماتیک', 'Ralph Lauren-Polo Blue', 'M', 'خنک', 3, 'آروماتیک فوژ', 'قبل از 98', '\"پرتقال ماندارین'),
(300, 20832, 'پلو بلك ', 'رالف لورن', 'فرگ آروماتیک', 'Ralph Lauern-Polo Black', 'M', 'گرم', 3, 'چوبی آروماتیک', 'قبل از 98', '\"انبه'),
(301, 20833, 'پلي زنانه', 'جیونچی', 'فرگ آروماتیک', 'Givenchy-Play For Her', 'W', 'خنک', 3, 'شرقی گلی', 'قبل از 98', '\"ترنج (برگاموت)'),
(302, 20834, 'پلي زنانه', 'جیونچی', 'فرگ آروماتیک', 'Givenchy-Play For Her ', 'W', 'معتدل', 4, 'شرقی گلی', 'قبل از 98', '\"ترنج (برگاموت)'),
(303, 20835, 'پليژر', 'استه لادر', 'فرگ آروماتیک', 'Estee Lauder-Pleasures', 'W', 'معتدل', 3, 'رایحه های گلی', 'قبل از 98', '\"برگ بنفشه'),
(304, 20836, 'پینو سیلوستر ', 'پينو سيلوستر', 'فرگ آروماتیک', 'Pino Silvestre-Pino Silvestre', 'M', 'خنک', 3, 'آروماتیک فوژ', 'قبل از 98', 'لیموترش، ترنج، اسطوخودوس، دانه سرو کوهی'),
(305, 20839, 'تي رز', 'پرفیموز ورکشاپ', 'فرگ آروماتیک', 'Perfumer`s Workshop-Tea Rose ', 'W', 'معتدل', 3, 'رایحه های گلی', 'قبل از 98', '\"ترنج (برگاموت)'),
(306, 20840, 'جاز ', 'ایف سن لورن', 'فرگ آروماتیک', 'Yves Saint Laurent-Jazz', 'M', 'گرم', 4, 'چوبی آروماتیک', 'قبل از 98', '\"اسطوخدوس'),
(307, 20841, 'جاسمين (ياس رازقي)   ', 'بدون برند', 'فرگ آروماتیک', 'Flower Fragrance-Jasmine', 'U', 'گرم', 3, 'رایحه های گلی', 'قبل از 98', 'یاس'),
(308, 20842, 'جاسمين (ياس رازقي)   ', 'بدون برند', 'فرگ آروماتیک', 'Flower Fragrance-Jasmine', 'U', 'گرم', 4, 'رایحه های گلی', 'قبل از 98', 'یاس'),
(309, 20843, 'جاسمين نوير', 'بولگاری', 'فرگ آروماتیک', 'Bvlgari-Jasmin Noir ', 'W', 'گرم', 4, 'شرقی گلی', 'قبل از 98', '\"رایحه های سبز'),
(310, 20845, 'جوپ هوم ', 'جوپ', 'فرگ آروماتیک', 'Joop!-Homme', 'M', 'گرم', 4, 'شرقی فوژ', 'قبل از 98', '\"پرتقال ماندارین'),
(311, 20846, 'چي چي صورتی', 'ساپیل', 'فرگ آروماتیک', 'Sapil-CHI CHI For her', 'W', 'گرم', 4, 'قبرسی گلی', 'قبل از 98', 'رایحه میوه های گلدار'),
(312, 20847, 'خليجي', 'الرحاب', 'فرگ آروماتیک', 'Al_Rehab-Khaliji', 'U', 'گرم', 3, 'ادویه ای مرکباتی', 'قبل از 98', 'لمون گرس، نت های ادویه ای، مرکبات، مشک سفید، چوب صندل، عنبر'),
(313, 20848, 'دراكار نویر', 'لوراک', 'فرگ آروماتیک', 'Guy Laroche-Drakkar Noir', 'M', 'گرم', 4, 'آروماتیک فوژ', 'قبل از 98', '\"اسطوخدوس'),
(314, 20849, ' دانهیل ديزاير', 'آلفرد دانهیل', 'فرگ آروماتیک', 'Alfred Dunhill-Desire for Men', 'M', 'گرم', 4, 'شرقی چوبی', 'قبل از 98', '\"ترنج (برگاموت)'),
(315, 20851, 'ديزل   ', 'بدون برند', 'فرگ آروماتیک', 'Diesel', 'M', 'گرم', 4, 'شرقی چوبی', 'قبل از 98', '0'),
(316, 20852, 'ديزل فول زنانه', 'ديزل', 'فرگ آروماتیک', 'Diesel-Fuel For Life For Her', 'W', 'گرم', 4, 'قبرسی گلی', 'قبل از 98', '\"پرتقال ماندارین'),
(317, 20854, 'گوچی راش ', 'گوجي', 'فرگ آروماتیک', 'Gucci-Gucci Rush', 'W', 'معتدل', 3, 'قبرسی میوه ای', 'قبل از 98', '\"گل یاسمن (گاردنیا) کالیفرنیا'),
(318, 20855, 'رالف', 'رالف لورن', 'فرگ آروماتیک', 'Ralph Lauren-Ralph', 'W', 'گرم', 4, 'گلی میوه ای', 'قبل از 98', '\"رز قرمز'),
(319, 20856, 'غنچه', 'بدون برند', 'فرگ آروماتیک', 'Flower Fragrance-Rose', 'U', 'گرم', 4, 'رایحه های گلی', 'قبل از 98', 'رز'),
(320, 20857, 'ريچي ريچي', 'نیناریچی', 'فرگ آروماتیک', 'Nina Ricci-Ricci Ricci', 'W', 'گرم', 4, 'چایپر گلی', 'قبل از 98', 'ترنج، ریواس'),
(321, 20860, 'سي كي اينتويو', 'کالوین کلین', 'فرگ آروماتیک', 'Calvin Klien-CK IN TO You', 'M', 'خنک', 3, 'شرقی گلی', 'قبل از 98', '\"برگ درخت انگور فرنگی قرمز'),
(322, 20861, 'سي كي وان', 'کالوین کلین', 'فرگ آروماتیک', 'Calvin Klein-CK One', 'U', 'خنک', 4, 'مرکبات آروماتیک', 'قبل از 98', '\"آناناس'),
(323, 20863, 'سيگار', 'رمی', 'فرگ آروماتیک', 'Remy Latour-Cigar', 'M', 'گرم', 4, 'آروماتیک میوه ای ', 'قبل از 98', '\"آلو'),
(324, 20864, 'چنس', 'شنل', 'فرگ آروماتیک', 'Chanel-Chance', 'W', 'خنک', 3, 'قبرسی گلی', 'قبل از 98', 'آناناس، نعناع هندی، فلفل صورتی، لیمو،'),
(325, 20866, 'شيبر', 'بدون برند', 'فرگ آروماتیک', 'No Brand-Cheper', 'U', 'گرم', 4, 'رایحه های شرقی', 'قبل از 98', '0'),
(326, 20867, 'فارنهايت', 'کریستین دیور', 'فرگ آروماتیک', 'Christian Dior-Farenheit ', 'M', 'معتدل', 4, 'گلی مشک', 'قبل از 98', '\"اسطوخدوس'),
(327, 20868, 'فيفت اونيو', 'الیزابت آردن', 'فرگ آروماتیک', 'Elizabeth Arden-5th Avenue', 'W', 'گرم', 3, 'رایحه های گلی', 'قبل از 98', '\"پرتقال ماندارین'),
(328, 20869, 'كاپيتان بلك', 'الکسیر ادن', 'فرگ آروماتیک', 'Elixirs of Eden-Captain Black', 'U', 'گرم', 4, 'شرقی وانیلی', 'قبل از 98', '0'),
(329, 20870, 'كالكشن', 'اسکادا ', 'فرگ آروماتیک', 'Escada-Collection', 'W', 'گرم', 3, 'رایحه های شرقی', 'قبل از 98', '\"آلو'),
(330, 20871, 'جنگل الفنت ', 'كنزو', 'فرگ آروماتیک', 'Kenzo-Jungle Elephant ', 'W', 'گرم', 3, 'شرقی ادویه ای', 'قبل از 98', '\"پرتقال ماندارین'),
(331, 20872, 'کنزو بويس', 'كنزو', 'فرگ آروماتیک', 'Kenzo-Boisee', 'M', 'خنک', 4, 'چوبی آروماتیک', 'قبل از 98', '\"ریحان'),
(332, 20875, 'کنزو لئوپار', 'كنزو', 'فرگ آروماتیک', 'Kenzo-L\'Eau Par', 'W', 'خنک', 3, 'گلی آبی', 'قبل از 98', '\"پرتقال ماندارین'),
(333, 20876, 'كول واتر', 'دیویدف', 'فرگ آروماتیک', 'Davidoff-Cool Water ', 'W', 'خنک', 4, 'آروماتیک آبی  ', 'قبل از 98', '\"اسطوخدوس'),
(334, 20878, 'كول واتر مردانه', 'دیویدف', 'فرگ آروماتیک', 'Davidoff-Cool Water For Men', 'M', 'خنک', 4, 'آروماتیک آبی', 'قبل از 98', '\"اسطوخدوس'),
(335, 20879, 'گوچی بای گوچی فورهر', 'گوجي', 'فرگ آروماتیک', 'Gucci-Gucci by Gucci For Her', 'W', 'گرم', 3, 'چایپر گلی', 'قبل از 98', 'گلابی، گواوا'),
(336, 20880, 'لاکوست اسنشيال', 'لاکوست', 'فرگ آروماتیک', 'Lacoste-Essential', 'M', 'خنک', 4, 'چوبی آروماتیک', 'قبل از 98', '\"برگ گوجه فرنگی'),
(337, 20882, 'لاکوست پور فيم', 'لاکوست', 'فرگ آروماتیک', '#N/A', 'W', 'معتدل', 3, 'گلی چوبی مشک', 'قبل از 98', '\"سیب'),
(338, 20883, 'لاکوست پينك', 'لاکوست', 'فرگ آروماتیک', 'Lacoste-Touch of Pink', 'W', 'خنک', 3, 'گلی میوه ای', 'قبل از 98', '\"پرتقال خونی'),
(339, 20884, 'لاکوست رد', 'لاکوست', 'فرگ آروماتیک', 'Lacoste-Red', 'M', 'خنک', 3, 'آروماتیک فوژ', 'قبل از 98', 'سیب سبز'),
(340, 20885, 'انكر نوير', 'لاليك', 'فرگ آروماتیک', 'Lalique-Encre Noire', 'M', 'گرم', 3, 'چوبی آروماتیک', 'قبل از 98', 'سرو'),
(341, 20886, 'انكر نوير ', 'لاليك', 'فرگ آروماتیک', 'Lalique-Encre Noire', 'M', 'گرم', 4, 'چوبی آروماتیک', 'قبل از 98', 'سرو'),
(342, 20887, 'لايت بلو', 'دولچه گابانا', 'فرگ آروماتیک', 'Dolce&Gabbana-Light Blue ', 'W', 'خنک', 3, 'گلی میوه ای', 'قبل از 98', 'لیمو ترش، گل استکانی، سیب، سدر'),
(343, 20888, 'ليدي ميليون', 'پاکو رابان', 'فرگ آروماتیک', 'Paco Rabanne-Lady Million', 'W', 'گرم', 4, 'گلی میوه ای', 'قبل از 98', 'تمشک، لیموترش، بهارنارنج'),
(344, 20889, 'لئو فلورال', 'ایسی میاکه', 'فرگ آروماتیک', 'Issey Miyake-L`Eau Florale', 'W', 'گرم', 3, 'رایحه های گلی', 'قبل از 98', '\"پرتقال ماندارین'),
(345, 20890, 'مشك', 'بدون برند', 'فرگ آروماتیک', 'No Brand-Musk', 'U', 'گرم', 3, 'مشک', 'قبل از 98', 'مشک'),
(346, 20895, 'نارسيس', 'كلوهه', 'فرگ آروماتیک', 'Chloe-Narcisse', 'W', 'گرم', 4, 'شرقی گلی', 'قبل از 98', '\"آناناس'),
(347, 20898, 'وان ميليون', 'پاکو رابان', 'فرگ آروماتیک', 'Paco Rabanne-One Million', 'M', 'گرم', 4, 'چوبی ادویه ای', 'قبل از 98', '\"گریپ فروت'),
(348, 20901, 'هاواك', 'بدون برند', 'فرگ آروماتیک', 'No Brand-Havoc', 'U', 'گرم', 4, 'رایحه های شرقی', 'قبل از 98', '0'),
(349, 20902, 'هوگو XY', 'هوگو باس', 'فرگ آروماتیک', 'Hugo Boss-Hugo XY', 'M', 'گرم', 4, 'چوبی آروماتیک', 'قبل از 98', '\"برگ درخت گلابی'),
(350, 20903, 'هوگو مردانه', 'هوگو باس', 'فرگ آروماتیک', 'Hugo Boss-Boss Man', 'M', 'خنک', 3, 'آروماتیک سبز', 'قبل از 98', '\"اسطوخدوس'),
(351, 21133, '212 وي آي پي مردانه', 'کارولینا هررا', 'فرگ آروماتیک', 'Carolina Herrera-212 VIP For Men', 'M', 'گرم', 3, 'شرقی چوبی', 'قبل از 98', '\"خاویار'),
(352, 21134, 'كريستال نوير', 'ورساچه', 'فرگ آروماتیک', 'Versace-Crystal Noir', 'W', 'گرم', 4, 'شرقی گلی', 'قبل از 98', '\"زنجبیل'),
(353, 21140, 'هاير', 'كريستن ديور', 'فرگ آروماتیک', 'Christian Dior-Higher', 'M', 'گرم', 3, 'چوبی آروماتیک', 'قبل از 98', '\"ریحان'),
(354, 21142, 'بهار نارنج ', 'بدون برند', 'فرگ آروماتیک', 'No Brand-Orange Blossom', 'U', 'گرم', 4, 'رایحه های گلی', 'قبل از 98', 'بهارنارنج'),
(355, 21146, 'فرعون', 'بدون برند', 'فرگ آروماتیک', 'No Brand-Pharaoh', 'W', 'گرم', 4, 'گلی میوه ای', 'قبل از 98', '0'),
(356, 21148, 'سكسي گرافيتي ', 'اسکادا ', 'فرگ آروماتیک', 'Escada-Sexy Graffiti', 'W', 'گرم', 3, 'گلی میوه ای', 'قبل از 98', '\"انگور فرنگی سیاه'),
(357, 21149, 'تام فورد پور هوم ', 'تام فورد', 'فرگ آروماتیک', 'Tom Ford-Pour Homme', 'M', 'گرم', 3, 'چوبی گلی مشک', 'قبل از 98', 'لیمو ترش، ترنج، زنجبیل، ریحان، نارنگی ماندارین، برگ بنفشه'),
(358, 21150, 'بلك اركيد', 'تام فورد', 'فرگ آروماتیک', 'Tom Ford-Black Orchid', 'W', 'گرم', 4, 'شرقی گلی', 'قبل از 98', '\"انگور فرنگی سیاه'),
(359, 21152, 'تق هرمس', 'هرمس', 'فرگ آروماتیک', 'Hermes-Terre d\'Hermes', 'M', 'خنک', 4, 'چوبی ادویه ای', 'قبل از 98', '\"گریپ فروت'),
(360, 21155, 'فلاور بامب', 'ویکتور اند رالف', 'فرگ آروماتیک', 'Viktor&Rolf-Flower Bomb', 'W', 'گرم', 4, 'شرقی گلی', 'قبل از 98', '\"اسمانتوس'),
(361, 21156, 'روداستر', 'كارتيه', 'فرگ آروماتیک', 'Cartier-Roadster', 'M', 'خنک', 3, 'آروماتیک فوژ', 'قبل از 98', '\"پچولی (نعناع هندی)'),
(362, 21157, 'توباكو وانيل ', 'تام فورد', 'فرگ آروماتیک', 'Tom Ford-Tobacco Vanille', 'U', 'گرم', 4, 'شرقی ادویه ای', 'قبل از 98', '\"ادویه های تند'),
(363, 21231, 'دانهیل قرمز', 'آلفرد دانهیل', 'فرگ آروماتیک', 'Alfred Dunhill-Desire for Men', 'M', 'گرم', 4, 'شرقی چوبی', 'قبل از 98', '\"ترنج (برگاموت)'),
(364, 21232, 'جوپ قرمز', 'جوپ', 'فرگ آروماتیک', 'Joop!-Homme', 'M', 'گرم', 4, 'شرقی فوژ', 'قبل از 98', '\"پرتقال ماندارین'),
(365, 21237, 'شبهاي مسكو ', 'بدون برند', 'فرگ آروماتیک', 'No Brand-Shab haye Mosko', 'U', 'گرم', 4, 'چوبی آروماتیک', 'قبل از 98', 'ترنج، برگ درخت گلابی، سدر'),
(366, 21252, 'وايت بچولي', 'تام فورد', 'فرگ آروماتیک', 'Tom Ford-White Patchouli', 'W', 'گرم', 4, 'قبرسی گلی', 'قبل از 98', '\"ترنج (برگاموت)'),
(367, 21480, 'اونتوس', 'كريد', 'فرگ آروماتیک', 'Creed-Aventus', 'M', 'خنک', 2, 'قبرسی میوه ای', 'قبل از 98', '\"آناناس');
INSERT INTO `tbl_etelaat` (`id`, `codeMahsool`, `onvanF`, `designer`, `brand`, `onvanE`, `jensiat`, `tabe`, `sath`, `goroohBoo`, `tarikhVorood`, `note`) VALUES
(368, 21484, 'مشك تيره', 'بدون برند', 'فرگ آروماتیک', 'No Brand-Musk', 'U', 'گرم', 4, 'چوبی گلی مشک', 'قبل از 98', 'مشک'),
(369, 21485, 'لاکوست پور فيم', 'لاکوست', 'فرگ آروماتیک', 'Lacoste-Pour Femme', 'W', 'معتدل', 4, 'گلی چوبی مشک', 'قبل از 98', '\"سیب'),
(370, 21499, 'بلك افغان', 'ناسوماتو', 'فرگ آروماتیک', 'Nasomatto-Black Afgano ', 'U', 'گرم', 4, 'چوبی آروماتیک', 'قبل از 98', '\"برگ شاهدانه'),
(371, 21500, 'نرگس ', 'بدون برند', 'فرگ آروماتیک', '#N/A', 'U', 'گرم', 4, 'رایحه های گلی', 'قبل از 98', 'گل نرگس'),
(372, 21503, 'فراري بلک', 'فراری', 'فرگ آروماتیک', 'Ferrari-Black Ferrari ', 'M', 'معتدل', 3, 'آروماتیک فوژ', 'قبل از 98', 'آلو، لیموترش، ترنج، سیب سرخ'),
(373, 21518, 'اولترا ويولت', 'پاکو رابان', 'فرگ آروماتیک', 'Paco Rabanne-Ultraviolet', 'M', 'گرم', 4, 'شرقی چوبی', 'قبل از 98', 'نعناع، کهربا'),
(374, 21519, 'اي لاو لاو ', 'موسچينو', 'فرگ آروماتیک', 'Moschino-I Love Love', 'W', 'خنک', 4, 'گلی چوبی مشک', 'قبل از 98', '\"انگور فرنگی قرمز'),
(375, 21520, 'دانهیل آبي', 'آلفرد دانهیل', 'فرگ آروماتیک', 'Alfred Dunhill-Desire Blue', 'M', 'گرم', 5, 'شرقی چوبی', 'قبل از 98', '\"ترنج (برگاموت)'),
(376, 21521, 'هاير', 'کریستین دیور', 'فرگ آروماتیک', 'Christian Dior-Higher', 'M', 'گرم', 4, 'چوبی آروماتیک', 'قبل از 98', '\"ریحان'),
(377, 21522, 'ورساچه پور هوم ', 'ورساچه', 'فرگ آروماتیک', 'Versace-Versace Pour Homme', 'M', 'خنک', 4, 'آروماتیک فوژ', 'قبل از 98', '\"ترنج (برگاموت)'),
(378, 21523, 'چمپیون', 'دیویدف', 'فرگ آروماتیک', 'Davidoff-Champion', 'M', 'خنک', 3, 'چوبی آروماتیک', 'قبل از 98', '\"ترنج (برگاموت)'),
(379, 21524, 'اترنتي', 'کالوین کلین', 'فرگ آروماتیک', 'Calvin Klein-Eternity for Men', 'M', 'خنک', 4, 'آروماتیک فوژ', 'قبل از 98', '\"اسطوخدوس'),
(380, 21525, 'مولكول 02', 'اسنتریک مولکول', 'فرگ آروماتیک', 'Escentric Molecules-Escentric 02', 'U', 'گرم', 3, 'شرقی گلی', 'قبل از 98', 'زنبق، یاس، آمبروکسان، ترکیب ایزو ای سوپر'),
(381, 21526, 'امنيا كريستالين', 'بولگاری', 'فرگ آروماتیک', 'Bvlgari-Omina Crystalline', 'W', 'خنک', 4, 'گلی آبی', 'قبل از 98', '\"بامبو'),
(382, 21528, 'پلي زنانه', 'جیونچی', 'فرگ آروماتیک', 'Givenchy-Play For Her', 'W', 'معتدل', 4, 'شرقی گلی', 'قبل از 98', '\"ترنج (برگاموت)'),
(383, 21529, 'گوچي پرفيوم II', 'گوجي', 'فرگ آروماتیک', 'Gucci-Perfume II ', 'W', 'معتدل', 5, 'گلی میوه ای', 'قبل از 98', '\"انگور فرنگی سیاه'),
(384, 21530, 'جاستين بيبر', 'جاستین بیبر', 'فرگ آروماتیک', 'Justin Bieber', 'M', 'معتدل', 4, 'گلی میوه ای', 'قبل از 98', 'توت سیاه، گلابی، توت فرنگی، نارنگی ماندارین'),
(385, 21531, 'بلك افغان', 'ناسوماتو', 'فرگ آروماتیک', 'Nasomatto-Black Afgano ', 'U', 'گرم', 3, 'چوبی آروماتیک', 'قبل از 98', '\"برگ شاهدانه'),
(386, 21532, 'جادور', 'کریستین دیور', 'فرگ آروماتیک', 'Christian Dior-Jadore ', 'W', 'گرم', 4, 'گلی میوه ای', 'قبل از 98', '\"ترنج (برگاموت)'),
(387, 21533, 'هي وود', 'دسکوارد', 'فرگ آروماتیک', 'Dsquarred-He wood', 'M', 'خنک', 4, 'چوبی آروماتیک', 'قبل از 98', '\"برگ بنفشه'),
(388, 21537, 'سكري فايس', 'اجمل', 'فرگ آروماتیک', 'Ajmal-Sacrifice for Her', 'W', 'گرم', 4, 'رایحه های گلی', 'قبل از 98', '\"رایحه های آب'),
(389, 21541, 'سيلور سنت', 'بوگارت', 'فرگ آروماتیک', 'Jacques Bogart-Silver Scent', 'M', 'گرم', 4, 'شرقی چوبی', 'قبل از 98', '\"شکوفه پرتقال'),
(390, 21542, 'استيل', 'جنیفر لوپز', 'فرگ آروماتیک', 'Jennifer Lopez-Still', 'W', 'خنک', 4, 'رایحه های گلی', 'قبل از 98', '\"برنج'),
(391, 21546, 'فلش بك', 'اولفکتیو استدیو', 'فرگ آروماتیک', 'Olfactive Studio-Flash Back', 'U', 'خنک', 4, 'مرکبات آروماتیک', 'قبل از 98', '\"ریواس'),
(392, 21547, 'ساویج', 'کریستین دیور', 'فرگ آروماتیک', 'Christian Dior-Sauvage', 'M', 'خنک', 4, 'آروماتیک فوژ', 'قبل از 98', '\"ترنج (برگاموت)'),
(393, 21549, 'ايفوريا زنانه', 'کالوین کلین', 'فرگ آروماتیک', 'Calvin Klein-Euphoria Women', 'W', 'معتدل', 4, 'شرقی گلی', 'قبل از 98', 'انار'),
(394, 21557, 'دانهیل ديزاير بلو ', 'آلفرد دانهیل', 'فرگ آروماتیک', 'Alfred Dunhill-Desire Blue', 'M', 'خنک', 4, 'آروماتیک سبز', 'قبل از 98', '\"پرتقال ماندارین'),
(395, 21558, 'لاکوست ال 12 مگنتيك', 'لاکوست', 'فرگ آروماتیک', 'Lacoste-L.12.12 Pour Elle Magnetic', 'W', 'معتدل', 4, 'آروماتیک ادویه ای', 'قبل از 98', '\"بنفشه'),
(396, 21559, 'دانهیل پورسويت', 'آلفرد دانهیل', 'فرگ آروماتیک', 'Alfred Dunhill-Pursuit', 'M', 'گرم', 4, 'شرقی چوبی', 'قبل از 98', '\"اینسنس (دود صمغ های درختان)'),
(397, 21560, 'شاليز مردانه', 'شاليز', 'فرگ آروماتیک', 'Remy Marquis-Shalis Men', 'M', 'خنک', 4, 'آروماتیک فوژ', 'قبل از 98', '\"پرتقال ماندارین'),
(398, 21561, 'اروس', 'ورساچه', 'فرگ آروماتیک', 'Versace-Eros', 'M', 'خنک', 4, 'آروماتیک فوژ', 'قبل از 98', '\"سیب سبز'),
(399, 21563, 'گود گرل ', 'کارولینا هررا', 'فرگ آروماتیک', 'Carolina Herrera-Good Girl', 'W', 'معتدل', 4, 'شرقی گلی', 'قبل از 98', '\"بادام'),
(400, 21564, 'رز ماسك ', 'بدون برند', 'فرگ آروماتیک', 'No Brand-Rose Musk', 'U', 'گرم', 5, 'گلی مشکی', 'قبل از 98', 'رز، مشک'),
(401, 21565, 'وصال', 'اجمل', 'فرگ آروماتیک', 'Ajmal-Wisal', 'U', 'گرم', 4, 'رایحه های گلی', 'قبل از 98', '\"ادویه ها'),
(402, 21566, 'چمبر نوير', 'اولفکتیو استدیو', 'فرگ آروماتیک', 'Olfactive Studio-Chambre Noir', 'U', 'گرم', 6, 'چرم ', 'قبل از 98', 'فلفل قرمز'),
(403, 21577, 'بلك اوپيوم', 'ایف سن لورن', 'فرگ آروماتیک', 'Yves Saint Laurent-Black Opium', 'W', 'گرم', 4, 'شرقی وانیلی', '1398/03/27', '\"شکوفه پرتقال'),
(404, 21578, 'ميس ديور چري', 'کریستین دیور', 'فرگ آروماتیک', 'Christian Dior-Miss Dior Cherie', 'W', 'گرم', 4, 'قبرسی گلی', '1398/06/04', '\"رز'),
(405, 21580, '212 مردانه', 'کارولینا هررا', 'فرگ آروماتیک', 'Carolina Herrera-212 For Men', 'M', 'معتدل', 4, 'چوبی گلی مشک', '1398/06/04', '\"ادویه ها'),
(406, 21581, 'انكر نوير', 'لاليك', 'فرگ آروماتیک', 'Lalique-Encre Noire', 'M', 'گرم', 4, 'چوبی آروماتیک', '1398/06/04', 'سرو'),
(407, 21582, 'پگاسوس', 'پارفومز د مارلی', 'فرگ آروماتیک', 'Parfums de Marly-Pegasus', 'M', 'گرم', 4, 'شرقی فوژ', '1398/06/04', '\"ترنج (برگاموت)'),
(408, 21585, 'ليتون', 'پارفومز د مارلی', 'فرگ آروماتیک', 'Parfums de Marly-Layton', 'U', 'گرم', 3, 'شرقی گلی', '1398/06/04', '\"اسطوخدوس'),
(409, 21590, 'كول واتر', 'دیویدف', 'فرگ آروماتیک', 'Davidoff-Cool Water', 'W', 'خنک', 4, 'گلی آبی', '1398/06/04', '\"انگور فرنگی سیاه'),
(410, 21591, 'اكلت', 'لانوین', 'فرگ آروماتیک', 'Lanvin-Eclat d’Arpège ', 'W', 'خنک', 4, 'گلی سبز', '1398/06/04', '\"برگ نارنج'),
(411, 21592, 'گلووي', 'پارفومز د مارلی', 'فرگ آروماتیک', 'Parfums de Marly-Galloway', 'U', 'خنک', 3, 'مرکبات آروماتیک', '1398/06/04', '\"فلفل'),
(412, 21593, 'تامي نيو', 'تامی هیل فیگر', 'فرگ آروماتیک', 'Tommy Hilfiger-Tommy', 'M', 'خنک', 4, 'مرکبات آروماتیک', '1398/06/04', '\"اسطوخدوس'),
(413, 21594, 'هالووين', 'هالووین', 'فرگ آروماتیک', 'Halloween-Halloween', 'W', 'خنک', 4, 'شرقی گلی', '1398/06/04', '\"برگ موز'),
(414, 21595, 'تق هرمس', 'هرمس', 'فرگ آروماتیک', 'Hermes-Terre d\'Hermes', 'M', 'خنک', 4, 'چوبی ادویه ای  ', '1398/05/26', '\"گریپ فروت'),
(415, 21597, 'چنس', 'شنل', 'فرگ آروماتیک', 'Chanel-Chance', 'W', 'خنک', 4, 'قبرسی گلی', 'قبل از 98', 'آناناس، نعناع هندی، فلفل صورتی، لیمو،'),
(416, 21598, ' ورسوز', 'بدون برند', 'فرگ آروماتیک', 'No Brand-Versus', 'U', 'خنک', 5, 'آروماتیک سبز  ', '1399/03/10', '\"اسطوخدوس'),
(417, 30000, 'سلطان ', 'بدون برند', 'فرگ ورلد', 'No Brand-Sultan', 'U', 'معتدل', 3, 'شرقی وانیلی', 'قبل از 98', '\"آناناس'),
(418, 30001, 'سلطان  ', 'بدون برند', 'فرگ ورلد', 'No Brand-Sultan', 'U', 'معتدل', 4, 'شرقی وانیلی', 'قبل از 98', '\"آناناس'),
(419, 30002, 'كوكو مادمازل', 'شنل', 'فرگ ورلد', 'Chanel-Coco Mademoiselle', 'W', 'گرم', 5, 'قبرسی گلی', 'قبل از 98', '\"پرتقال ماندارین'),
(420, 30003, 'سنجد N ', 'بدون برند', 'فرگ ورلد', 'Flower Fragrance-Senjed', 'U', 'گرم', 4, 'رایحه های گلی', 'قبل از 98', 'سنجد'),
(421, 30005, 'ورساچه پور هوم ', 'ورساچه', 'فرگ ورلد', 'Versace-Versace Pour Homme', 'M', 'خنک', 2, 'آروماتیک فوژ', 'قبل از 98', '\"ترنج (برگاموت)'),
(422, 30007, 'باربری لندن ', 'باربری', 'فرگ ورلد', 'Burberry-London ', 'W', 'گرم', 5, 'رایحه های گلی', 'قبل از 98', '\"رز'),
(423, 30009, 'جوپ زنانه ', 'جوپ', 'فرگ ورلد', 'Joop!-Joop Femme', 'W', 'معتدل', 4, 'شرقی چوبی', 'قبل از 98', '\"آلدئید'),
(424, 30010, 'مشك ختن ', 'بدون برند', 'فرگ ورلد', 'No Brand-Musk', 'U', 'گرم', 4, 'رایحه های شرقی', 'قبل از 98', 'مشک'),
(425, 30012, 'سنجد  ', 'بدون برند', 'فرگ ورلد', 'Flower Fragrance-Senjed', 'U', 'گرم', 4, 'رایحه های گلی', 'قبل از 98', 'سنجد'),
(426, 30013, 'برلین ', 'پلي بوي', 'فرگ ورلد', 'Play Boy-Berlin', 'M', 'گرم', 4, 'چوبی آروماتیک', 'قبل از 98', 'پرتغال، رایحه ها'),
(427, 30014, 'تي رز  ', 'پرفیموز ورکشاپ', 'فرگ ورلد', 'Perfumer`s Workshop-Tea Rose ', 'W', 'گرم', 5, 'رایحه های گلی', '1398/10/23', 'رز، ترنج، سوسن، مریم، صندل، کهربا، سدر'),
(428, 30017, '212 وي آي پي مردانه ', 'کارولینا هررا', 'فرگ ورلد', 'Carolina Herrera-212 VIP For Men', 'M', 'گرم', 4, 'شرقی چوبی', 'قبل از 98', '\"خاویار'),
(429, 30018, '212 وي آي پي زنانه ', 'کارولینا هررا', 'فرگ ورلد', 'Carolina Herrera-212 VIP For Women', 'W', 'گرم', 4, 'شرقی وانیلی', 'قبل از 98', '\"عرق نیشکر'),
(430, 30019, 'مخلط دهن العود ', 'بدون برند', 'فرگ ورلد', 'No Brand-OUD ', 'U', 'گرم', 5, 'رایحه های شرقی', 'قبل از 98', 'مشک، زعفران'),
(431, 30020, 'آيم يورز گِس ', 'گس', 'فرگ ورلد', 'Geuss-I\'m Your Geuss', 'W', 'معتدل', 4, 'شرقی گلی', 'قبل از 98', '\"گل صدتومانی'),
(432, 30021, 'بوس باتلد 98 ', 'هوگو باس', 'فرگ ورلد', 'Hugo Boss-Boss Bottled 98', 'M', 'گرم', 5, 'چوبی ادویه ای', 'قبل از 98', '\"آلو'),
(433, 30022, 'آيس اسپورت', 'باربری', 'فرگ ورلد', 'Burberry-Ice Sport', 'M', 'خنک', 4, 'آروماتیک آبی', 'قبل از 98', '\"رایحه های آب'),
(434, 30023, 'لجند', 'مون بلان', 'فرگ ورلد', 'Mont Blanc-Legend ', 'M', 'خنک', 3, 'آروماتیک فوژ', 'قبل از 98', '\"آناناس'),
(435, 30024, 'چمپیون', 'دیویدف', 'فرگ ورلد', 'Davidoff-Champion', 'M', 'خنک', 5, 'چوبی آروماتیک', 'قبل از 98', '\"ترنج (برگاموت)'),
(436, 30025, 'كنزو نايت  درختي', 'كنزو', 'فرگ ورلد', 'Kenzo-Homme Night', 'M', 'معتدل', 4, 'چوبی آروماتیک', 'قبل از 98', '\"گریپ فروت'),
(437, 30026, 'هپي كلينيك  ', 'کلینیک', 'فرگ ورلد', 'Clinique-Happy Clinique', 'M', 'خنک', 5, 'مرکبات آروماتیک', 'قبل از 98', '\"آب دریا'),
(438, 30027, 'دهن العود  صفار ', 'بدون برند', 'فرگ ورلد', 'No Brand-Oud Saffar', 'U', 'گرم', 5, 'رایحه های شرقی', 'قبل از 98', 'مشک، عود'),
(439, 30028, 'مشك سفيد', 'بدون برند', 'فرگ ورلد', 'No Brand-White Musk', 'U', 'گرم', 4, 'گلی چوبی مشک', 'قبل از 98', '\"باریجه'),
(440, 30029, 'مشك كربلا ', 'بدون برند', 'فرگ ورلد', 'No Brand-Musk', 'U', 'گرم', 4, 'رایحه های شرقی', 'قبل از 98', 'مشک'),
(441, 30030, 'بهار نارنج ', 'بدون برند', 'فرگ ورلد', 'No Brand-Flower Oracge', 'U', 'گرم', 4, 'رایحه های گلی', 'قبل از 98', 'بهارنارنج'),
(442, 30069, 'پلو بلو ', 'رالف لورن', 'فرگ ورلد', 'Ralph Lauren-Polo Blue', 'M', 'خنک', 4, 'آروماتیک فوژ', 'قبل از 98', '\"پرتقال ماندارین'),
(443, 30070, '212 پاپ', 'کارولینا هررا', 'فرگ ورلد', 'Carolina Herrera-212 POP For Women', 'W', 'گرم', 4, 'گلی میوه ای', 'قبل از 98', '\"ترنج (برگاموت)'),
(444, 30071, 'دانهیل ديزاير بلو', 'آلفرد دانهیل', 'فرگ ورلد', 'Alfred Dunhill-Desire Blue', 'M', 'خنک', 3, 'آروماتیک سبز', 'قبل از 98', '\"پرتقال ماندارین'),
(445, 30072, 'اسكالپچر ', 'نیکوز', 'فرگ ورلد', 'Nikos-Sculpture ', 'M', 'خنک', 4, 'شرقی فوژ', 'قبل از 98', '\"پرتقال ماندارین'),
(446, 30073, 'كوكو مادمازل', 'شنل', 'فرگ ورلد', 'Chanel-Coco Mademoiselle', 'W', 'گرم', 4, 'قبرسی گلی', 'قبل از 98', '\"پرتقال ماندارین'),
(447, 30074, 'اپن', 'راجر اند گَلِت', 'فرگ ورلد', 'Roger&Gallet-Open', 'M', 'گرم', 4, 'چوبی آروماتیک', 'قبل از 98', '\"اسطوخدوس'),
(448, 30075, 'لاکوست رد', 'لاکوست', 'فرگ ورلد', 'Lacoste-Red', 'M', 'خنک', 4, 'آروماتیک فوژ', 'قبل از 98', 'سیب سبز'),
(449, 30076, 'اكوا بولگاری', 'بولگاری', 'فرگ ورلد', 'Bvlgari-Aqua for men', 'M', 'خنک', 4, 'آروماتیک آبی', 'قبل از 98', '\"برگ نارنج'),
(450, 30077, 'شير بيوتي', 'كالوين كلين', 'فرگ ورلد', 'Calvin Klein-Sheer Beauty', 'W', 'خنک', 3, 'گلی میوه ای', 'قبل از 98', '\"بلینی'),
(451, 30078, 'دراكار نویر', 'لاروک', 'فرگ ورلد', 'Guy Laroche-Drakkar Noir', 'M', 'گرم', 4, 'آروماتیک فوژ', 'قبل از 98', '\"اسطوخدوس'),
(452, 30079, 'فراري بلک', 'فراری', 'فرگ ورلد', 'Ferrari-Ferrari Black', 'M', 'گرم', 4, 'آروماتیک فوژ', 'قبل از 98', '\"آلو'),
(453, 30081, 'سي اچ مردانه', 'کارولینا هررا', 'فرگ ورلد', 'Carolina Herrera-CH For Men', 'M', 'خنک', 4, 'شرقی ادویه ای', 'قبل از 98', '\"ترنج (برگاموت)'),
(454, 30082, 'كنزو لئوپار سفيد ', 'كنزو', 'فرگ ورلد', 'Kenzo-L\'Eau Par', 'W', 'خنک', 4, 'گلی آبی', 'قبل از 98', '\"پرتقال ماندارین'),
(455, 30083, 'آمور آمور', 'كاچارل', 'فرگ ورلد', 'Cacharel-Amor Amor ', 'W', 'گرم', 3, 'گلی میوه ای', 'قبل از 98', '\"انگور فرنگی سیاه'),
(456, 30084, 'كالكشن', 'اسکادا ', 'فرگ ورلد', 'Escada-Collection', 'W', 'گرم', 3, 'رایحه های شرقی', 'قبل از 98', '\"آلو'),
(457, 30085, 'لاکوست اسنشيال ', 'لاکوست', 'فرگ ورلد', 'Lacoste-Essential', 'M', 'خنک', 4, 'چوبی آروماتیک', 'قبل از 98', '\"برگ گوجه فرنگی'),
(458, 30086, 'هالووين', 'هالووین', 'فرگ ورلد', 'Halloween-Halloween', 'W', 'خنک', 4, 'شرقی گلی', 'قبل از 98', '\"برگ موز'),
(459, 30087, '212 سكسي مردانه', 'کارولینا هررا', 'فرگ ورلد', 'Carolina Herrera-212 Sexy for Men', 'M', 'گرم', 5, 'شرقی فوژ', 'قبل از 98', '\"پرتقال ماندارین'),
(460, 30089, 'اينكانتر', 'كالوين كلين', 'فرگ ورلد', 'Calvin Klein-Encounter', 'M', 'گرم', 3, 'شرقی چوبی', 'قبل از 98', '\"پرتقال ماندارین'),
(461, 30092, 'كنزو هوم اسپورت ', 'كنزو', 'فرگ ورلد', 'Kenzo-Homme Sport', 'M', 'خنک', 4, 'چوبی ادویه ای', 'قبل از 98', '\"گریپ فروت'),
(462, 30093, 'آزارو لِئو', 'آزارو', 'فرگ ورلد', 'Azzaro-L’EAU', 'M', 'گرم', 3, 'آروماتیک فوژ', 'قبل از 98', '\"اسطوخدوس'),
(463, 30094, 'هپي كلينيك  ', 'کلینیک', 'فرگ ورلد', 'Clinique-Happy Clinique', 'M', 'خنک', 4, 'مرکبات آروماتیک', 'قبل از 98', '\"آب دریا'),
(464, 30098, 'غنچه ', 'بدون برند', 'فرگ ورلد', 'Flower Fragrance-Rose', 'U', 'گرم', 4, 'رایحه های گلی', 'قبل از 98', 'رز'),
(465, 30099, 'برايت كريستال', 'ورساچه', 'فرگ ورلد', 'Versace-Bright Crystal', 'W', 'خنک', 4, 'گلی میوه ای', 'قبل از 98', '\"انار'),
(466, 30103, 'چاستيتي زنانه  ', 'رساسی', 'فرگ ورلد', 'Rasasi-Chastity For Women', 'W', 'خنک', 4, 'گلی آبی', 'قبل از 98', '\"رایحه های آب'),
(467, 30105, 'هوگو رد ', 'هوگو باس', 'فرگ ورلد', 'Hugo Boss-Hugo Red', 'M', 'خنک', 3, 'شرقی ادویه ای', 'قبل از 98', '\"باریجه'),
(468, 30106, 'ديزل لاوردوز ', 'ديزل', 'فرگ ورلد', 'Diesel-Loverdose ', 'W', 'گرم', 4, 'شرقی وانیلی', 'قبل از 98', '\"انیسون ستاره ای'),
(469, 30108, 'معراج ', 'بدون برند', 'فرگ ورلد', 'No Brand-MERAJ', 'U', 'گرم', 4, 'رایحه های شرقی', 'قبل از 98', 'زعفران'),
(470, 30109, 'آزارو كروم', 'آزارو', 'فرگ ورلد', 'Azzaro-Azzaro Chrome', 'M', 'خنک', 4, 'مرکبات آروماتیک', 'قبل از 98', '\"آناناس'),
(471, 30110, 'هوم اينتِنس ', 'کریستین دیور', 'فرگ ورلد', 'Christian Dior-Homme Intense', 'M', 'گرم', 4, 'گلی چوبی مشک', 'قبل از 98', '\"بنفشه'),
(472, 30111, 'الی ساب ', 'الي ساب', 'فرگ ورلد', 'Elie Saab-Elie Saab', 'W', 'معتدل', 4, 'شرقی گلی', 'قبل از 98', 'گل پرتقال آفریقایی'),
(473, 30114, 'فلاور بامب لانوين رز ', 'ویکتور اند رالف', 'فرگ ورلد', 'Viktor&Rolf-Flower Bomb Lanvin Rose', 'W', 'گرم', 3, 'شرقی گلی', 'قبل از 98', '\"ترنج (برگاموت)'),
(474, 30115, 'گوچي گیلتي بلك مردانه ', 'گوجي', 'فرگ ورلد', 'Gucci-Guilty Black For Men', 'M', 'خنک', 4, 'آروماتیک فوژ', 'قبل از 98', '\"اسطوخدوس'),
(475, 30116, 'گوچي گیلتي بلك زنانه ', 'گوجي', 'فرگ ورلد', 'Gucci Guilty-Black For Women', 'W', 'گرم', 4, 'شرقی گلی', 'قبل از 98', '\"توت قرمز'),
(476, 30118, 'ترزور ميدنايت رز ', 'لانکوم', 'فرگ ورلد', 'Lancome-Tresor Midnight Rose', 'W', 'گرم', 4, 'گلی چوبی مشک', 'قبل از 98', '\"تمشک'),
(477, 30119, 'بوس من', 'بدون برند', 'فرگ ورلد', 'Hugo Boss-Boss Man', 'U', 'خنک', 4, 'آروماتیک سبز  ', 'قبل از 98', '\"اسطوخدوس'),
(478, 30121, 'رويال بلو ', 'رساسی', 'فرگ ورلد', 'Rasasi-Royale Blue', 'M', 'خنک', 4, 'چوبی گلی مشک', 'قبل از 98', 'ترنج، آب دریا، خربزه'),
(479, 30122, 'رويال', 'رساسی', 'فرگ ورلد', 'Rasasi-Royale', 'M', 'گرم', 4, 'چوبی آروماتیک', 'قبل از 98', '\"دارچین'),
(480, 30125, 'رضوي', 'بدون برند', 'فرگ ورلد', 'No Brand-Razavi', 'U', 'گرم', 4, 'رایحه های شرقی', 'قبل از 98', '0'),
(481, 30126, 'پلي اينتِنس ', 'جیونچی', 'فرگ ورلد', 'Givenchy-Play Intense', 'M', 'گرم', 4, 'شرقی فوژ', 'قبل از 98', '\"پرتقال ماندارین'),
(482, 30143, 'الين', 'موگلر', 'فرگ ورلد', 'Mugler-Alien ', 'W', 'گرم', 4, 'شرقی چوبی', 'قبل از 98', 'یاسمن'),
(483, 30147, 'اونتوس', 'كريد', 'فرگ ورلد', 'Creed-Aventus', 'M', 'خنک', 3, 'قبرسی میوه ای', 'قبل از 98', '\"آناناس'),
(484, 30149, 'تي رز ', 'پرفیموز ورکشاپ', 'فرگ ورلد', 'Perfumer`s Workshop-Tea Rose ', 'W', 'خنک', 4, 'رایحه های گلی', 'قبل از 98', '\"ترنج (برگاموت)'),
(485, 30150, 'اترنتي', 'کالوین کلین', 'فرگ ورلد', 'Calvin Klein-Eternity for Men', 'M', 'خنک', 4, 'آروماتیک فوژ', 'قبل از 98', '\"اسطوخدوس'),
(486, 30151, 'هیت ', 'بيانسه', 'فرگ ورلد', 'Beyonce-Heat', 'W', 'گرم', 4, 'شرقی وانیلی', 'قبل از 98', '\"ارکیده'),
(487, 30152, 'كول واتر گيم ', 'دیویدف', 'فرگ ورلد', 'Davidoff-Cool Water Game', 'W', 'خنک', 4, 'آروماتیک آبی ', 'قبل از 98', '\"ریحان'),
(488, 30153, 'بلك افغان', 'ناسوماتو', 'فرگ ورلد', 'Nasomatto-Black Afgano ', 'U', 'گرم', 5, 'چوبی آروماتیک', 'قبل از 98', '\"برگ شاهدانه'),
(489, 30213, 'تامي', 'تامی هیل فیگر', 'فرگ ورلد', 'Tommy Hilfiger- Tommy T ', 'M', 'خنک', 3, 'مرکبات آروماتیک', 'قبل از 98', '\"اسطوخدوس'),
(490, 30240, 'هالووين', 'هالووین', 'فرگ ورلد', 'Halloween-Halloween', 'W', 'خنک', 5, 'شرقی گلی', 'قبل از 98', '\"برگ موز'),
(491, 30244, 'سي اچ مردانه', 'کارولینا هررا', 'فرگ ورلد', 'Carolina Herrera-CH For Men', 'M', 'گرم', 5, 'شرقی ادویه ای', 'قبل از 98', '\"ترنج (برگاموت)'),
(492, 30245, 'گرين آيريش توييد', 'كريد', 'فرگ ورلد', 'Creed-Green Irish Tweed', 'M', 'خنک', 5, 'چوبی گلی مشک', 'قبل از 98', '\"گل زنبق'),
(493, 30246, 'كوكو نوير', 'شنل', 'فرگ ورلد', 'Chanel-Coco Noir ', 'W', 'گرم', 4, 'چوبی گلی مشک', 'قبل از 98', 'پرتغال، ترنج، گریپ فروت'),
(494, 30247, 'دانهیل ديزاير بلو (سفيد) ', 'آلفرد دانهیل', 'فرگ ورلد', 'Alfred Dunhill-Desire Blue', 'M', 'خنک', 3, 'آروماتیک سبز ', 'قبل از 98', '\"پرتقال ماندارین'),
(495, 30255, 'كول واتر', 'دیویدف', 'فرگ ورلد', 'Davidoff-Cool Water ', 'W', 'خنک', 5, 'گلی آبی', '1399/03/17', '\"انگور فرنگی سیاه'),
(496, 30256, 'بلك افغان', 'ناسوماتو', 'فرگ ورلد', 'Nasomatto-Black Afgano ', 'U', 'گرم', 4, 'چوبی آروماتیک', '1399/03/17', '\"برگ شاهدانه'),
(497, 30262, 'سلکت نایت', 'مرسدس بنز', 'فرگ ورلد', 'Mercedes Benz-Select Night', 'M', 'خنک', 4, 'شرقی ادویه ای', '1399/03/17', 'ترنج، اسطوخودوس، هل'),
(498, 30263, 'تام فورد نویر', 'تام فورد', 'فرگ ورلد', 'Tom Ford-Tom Ford Noir', 'M', 'معتدل', 4, 'آروماتیک ادویه ای', '1399/03/17', 'ترنج، به لیمو، بنفشه، فلفل صورتی، زیره'),
(499, 30264, 'بلك افغان', 'ناسوماتو', 'فرگ ورلد', 'Nasomatto-Black Afgano ', 'U', 'گرم', 5, 'چوبی آروماتیک', '1399/03/11', '\"برگ شاهدانه'),
(500, 30914, 'هاوايي ', 'میلتون لوید', 'فرگ ورلد', 'Milton Lloyd-Hawaii ', 'W', 'خنک', 4, 'رایحه های گلی', 'قبل از 98', '\"شکوفه پرتقال'),
(501, 30915, 'چي چي صورتی', 'ساپیل', 'فرگ ورلد', 'Sapil-CHI CHI For Women', 'W', 'گرم', 5, 'قبرسی گلی', 'قبل از 98', 'رایحه میوه های گلدار'),
(502, 30916, 'آراميس 900 ', 'آرامیس', 'فرگ ورلد', 'Aramis-Aramis 900', 'M', 'گرم', 5, 'چوبی قبرسی', 'قبل از 98', '\"ترنج (برگاموت)'),
(503, 30917, 'دريك', 'اورلان', 'فرگ ورلد', 'Orlane-Derrick', 'M', 'گرم', 4, 'آروماتیک فوژ', 'قبل از 98', '\"آویشن'),
(504, 30918, 'كول واتر', 'دیویدف', 'فرگ ورلد', 'Davidoff-Cool Water ', 'W', 'خنک', 5, 'گلی آبی', 'قبل از 98', '\"انگور فرنگی سیاه'),
(505, 30919, 'آكاجيو ', 'جورجیو آرمانی', 'فرگ ورلد', 'Giorgio Armani-Acqua di Gio for Men', 'M', 'خنک', 4, 'آروماتیک آبی', 'قبل از 98', '\"پرتقال ماندارین'),
(506, 30920, 'شيبر ', 'بدون برند', 'فرگ ورلد', 'No Brand-Cheper', 'U', 'گرم', 4, 'ادویه ای ', 'قبل از 98', '0'),
(507, 30921, 'تيم', 'تامی هیل فیگر', 'فرگ ورلد', 'Tommy Hilfiger- Tommy T ', 'M', 'خنک', 5, 'رایحه های شرقی', 'قبل از 98', 'درخت کاج، لیموترش سبز، روایح چوبی، نارنگی یافا'),
(508, 30922, 'فواكه هلو ', 'بدون برند', 'فرگ ورلد', 'No Brand-FAVAKEH', 'U', 'گرم', 4, 'میوه ای', 'قبل از 98', 'هلو'),
(509, 30923, 'مكسي ', 'مکس فکتور', 'فرگ ورلد', 'Max Factor-Just Call me Maxi', 'W', 'گرم', 5, 'شرقی گلی', 'قبل از 98', '\"آلدئید'),
(510, 30925, 'اكسريوس روج ', 'جیونچی', 'فرگ ورلد', 'Givenchy-Xeryus Roug', 'M', 'گرم', 4, 'شرقی فوژ', 'قبل از 98', '\"پرتقال چینی'),
(511, 30926, '212 سكسي زنانه ', 'کارولینا هررا', 'فرگ ورلد', 'Carolina Herrera-212 Sexy for Women', 'W', 'گرم', 4, 'شرقی گلی', 'قبل از 98', '\"پشمک'),
(512, 30927, 'غنچه ', 'بدون برند', 'فرگ ورلد', 'Flower Fragrance-Rose', 'U', 'گرم', 3, 'رایحه های گلی', 'قبل از 98', 'رز'),
(513, 30928, 'مريم', 'بدون برند', 'فرگ ورلد', 'Flower Fragrance-Tuberose', 'U', 'گرم', 4, 'رایحه های گلی', 'قبل از 98', 'مریم'),
(514, 31239, 'گل يخ ', 'بدون برند', 'فرگ ورلد', 'Flower Fragrance-Chimonanthus', 'U', 'گرم', 4, 'رایحه های گلی', 'قبل از 98', 'رز'),
(515, 31288, 'بلك افغان', 'ناسوماتو', 'فرگ ورلد', 'Nasomatto-Black Afgano ', 'U', 'گرم', 3, 'چوبی آروماتیک', 'قبل از 98', '\"برگ شاهدانه'),
(516, 31312, 'سيلور مونتين', 'كريد', 'فرگ ورلد', 'Creed-Silver Mountain ', 'U', 'خنک', 4, 'آروماتیک', 'قبل از 98', '\"پرتقال ماندارین'),
(517, 31316, 'اكسريوس روج فرش ', 'جیونچی', 'فرگ ورلد', 'Givenchy-Xeryus Roug', 'M', 'گرم', 5, 'شرقی فوژ', 'قبل از 98', '\"پرتقال چینی'),
(518, 31317, 'انجل', 'موگلر', 'فرگ ورلد', 'Mugler-Angel ', 'W', 'گرم', 5, 'شرقی وانیلی', 'قبل از 98', 'ترنج، آناناس، دانه های قرمز'),
(519, 31318, 'كنزو لئوپار زنانه   ', 'كنزو', 'فرگ ورلد', 'Kenzo-L\'Eau Par for Women', 'W', 'خنک', 4, 'گلی آبی', 'قبل از 98', '\"پرتقال ماندارین'),
(520, 31319, 'سوپر من ', 'بدون برند', 'فرگ ورلد', 'No Brand-SUPER MEN', 'M', 'گرم', 4, 'شرقی ادویه ای', 'قبل از 98', '\"چوب آگار'),
(521, 31321, 'سيلور سنت', 'بوگارت', 'فرگ ورلد', 'Jacques Bogart-Silver Scent', 'M', 'گرم', 4, 'شرقی چوبی', 'قبل از 98', '\"شکوفه پرتقال'),
(522, 31322, 'ديزل پور هوم ', 'ديزل', 'فرگ ورلد', 'Disel-Pour Homme', 'M', 'گرم', 4, 'آروماتیک فوژ', 'قبل از 98', '\"رازیانه'),
(523, 31323, 'سيلور مونتين', 'كريد', 'فرگ ورلد', 'Creed-Silver Mountain ', 'U', 'خنک', 5, 'آروماتیک ', 'قبل از 98', '\"پرتقال ماندارین'),
(524, 31326, 'اينوكتوس پاكو رابان ', 'پاکو رابان', 'فرگ ورلد', 'Paco Rabanne-Inventus ', 'M', 'خنک', 4, 'چوبی آبی', 'قبل از 98', '\"پرتقال ماندارین'),
(525, 31327, 'اله ', 'ایف سن لورن', 'فرگ ورلد', 'Yves Saint Laurent-Elle', 'W', 'گرم', 4, 'گلی چوبی مشک', 'قبل از 98', '\"گل صدتومانی'),
(526, 31329, 'رز الكسير ', 'مونتال', 'فرگ ورلد', 'Montale-Rose Elixir', 'W', 'خنک', 4, 'گلی میوه ای', 'قبل از 98', '\"برگ توت فرنگی'),
(527, 31330, 'آيلند فانتزي ', 'بریتنی اسپیرز', 'فرگ ورلد', 'Britney Spears-Island Fantasy', 'W', 'خنک', 4, 'گلی میوه ای', 'قبل از 98', '\"پرتقال ماندارین'),
(528, 31331, 'كريستال نوير', 'ورساچه', 'فرگ ورلد', 'Versace-Crystal Noir', 'W', 'گرم', 5, 'شرقی گلی', 'قبل از 98', '\"زنجبیل'),
(529, 31332, 'بي دليشز', 'دونا کاران', 'فرگ ورلد', 'Donna Karan-Be Delicious DKNY', 'W', 'معتدل', 5, 'گلی میوه ای', 'قبل از 98', '\"خیار'),
(530, 31335, 'آمور آمور', 'كاچارل', 'فرگ ورلد', 'Cacharel-Amor Amor ', 'W', 'گرم', 5, 'گلی میوه ای', 'قبل از 98', '\"انگور فرنگی سیاه'),
(531, 31336, 'ملودي ', 'بدون برند', 'فرگ ورلد', 'No Brand-MELODY ', 'U', 'گرم', 4, 'شرقی گلی', 'قبل از 98', '\"بنفشه'),
(532, 31338, 'باربری ويكند   ', 'باربری', 'فرگ ورلد', 'Burberry-Weekend', 'W', 'خنک', 5, 'رایحه های گلی', 'قبل از 98', '\"اسپرک'),
(533, 31339, 'ورساچه پور هوم  ', 'ورساچه', 'فرگ ورلد', 'Versace-Versace Pour Homme', 'M', 'خنک', 4, 'آروماتیک فوژ', 'قبل از 98', '\"ترنج (برگاموت)'),
(534, 31341, 'ايفوريا اينتِنس مردانه', 'کالوین کلین', 'فرگ ورلد', 'Calvin Klein-Ephorria Intens For Men', 'M', 'معتدل', 4, 'شرقی چوبی', 'قبل از 98', '\"زنجبیل'),
(535, 31402, 'هوگو مكه ', 'بدون برند', 'فرگ ورلد', 'Hugo Boss-Boss Bottled 98', 'M', 'گرم', 4, 'چوبی ادویه ای', 'قبل از 98', '\"چوب ماهون'),
(536, 31403, 'لوم اينتِنس ', 'پرادا', 'فرگ ورلد', 'Prada-L’Homme Intense', 'M', 'گرم', 4, 'چوبی  ', '1398/04/03', 'زنبق'),
(537, 31404, '212 VI بلك ', 'کارولینا هررا', 'فرگ ورلد', 'Carolina Herrera-212 VIP Black', 'M', 'گرم', 5, 'آروماتیک فوژ', '1398/04/03', '\"absinthe'),
(538, 31405, 'لانويت ترِزور كرس ', 'لانکوم', 'فرگ ورلد', 'Lancome-La Nuit Tresor Caresse ', 'W', 'گرم', 5, 'شرقی وانیلی', '1398/04/03', '\"ترنج (برگاموت)'),
(539, 31406, 'گوچي فلورا گورجس گاردينا زنانه ', 'گوجي', 'فرگ ورلد', 'Gucci-Flora Gergous Gardenia Limited Edition', 'W', 'خنک', 5, 'گلی میوه ای', '1398/04/03', '\"توت قرمز'),
(540, 31407, 'آدرنالين ', 'بدون برند', 'فرگ ورلد', 'No Brand-Adrenaline', 'U', 'گرم', 5, 'شرقی فوژ', '1398/04/03', '\"پرتقال چینی'),
(541, 31408, 'فبیولس', 'تام فورد', 'فرگ ورلد', 'Tom Ford-Fabulous', 'U', 'گرم', 4, 'چرم ', '1398/04/03', '\"اسطوخدوس'),
(542, 31409, 'سيترون نوير ', 'هرمس', 'فرگ ورلد', 'Hermes-Eau De Citron Noir', 'U', 'خنک', 4, 'مرکبات آروماتیک', '1398/04/03', '\"اینسنس (دود صمغ های درختان)'),
(543, 34103, 'اونتوس', 'كريد', 'فرگ ورلد', 'Creed-Aventus', 'M', 'خنک', 5, 'قبرسی میوه ای', 'قبل از 98', '\"آناناس'),
(544, 34104, 'ایسی میاکه بلو ', 'ایسی میاکه', 'فرگ ورلد', 'Issey Myake-L\'Eau Bleue d\'lssey ', 'M', 'خنک', 5, 'چوبی آروماتیک', 'قبل از 98', '\"پرتقال ماندارین'),
(545, 34108, 'وان ميليون  ', 'پاکو رابان', 'فرگ ورلد', 'Paco Rabanne-One Million', 'M', 'گرم', 4, 'چوبی ادویه ای', 'قبل از 98', '\"گریپ فروت'),
(546, 34110, 'هايپنوتيك پويزن ', 'کریستین دیور', 'فرگ ورلد', 'Christian Dior-Hypnotic Poison', 'W', 'معتدل', 5, 'شرقی وانیلی', 'قبل از 98', '\"آلو'),
(547, 34111, 'بن بن ', 'ویکتور اند رالف', 'فرگ ورلد', 'Viktor&Ralf-Bon Bon', 'W', 'گرم', 5, 'گلی میوه ای اشباع', 'قبل از 98', '\"پرتقال ماندارین'),
(548, 34112, 'اُنلي جنتلمن ', 'جیونچی', 'فرگ ورلد', 'Givenchy-Only Gentleman ', 'M', 'خنک', 4, 'چوبی', 'قبل از 98', '\"برگ درخت توس'),
(549, 34113, 'آكواجيو بلك ', 'جورجیو آرمانی', 'فرگ ورلد', 'Giorgio Armani-Acqua Di Gio Profumo', 'M', 'خنک', 4, 'آروماتیک آبی', 'قبل از 98', '\"ترنج (برگاموت)'),
(550, 34114, 'دانهیل آيكون ', 'آلفرد دانهیل', 'فرگ ورلد', 'Alfred Dunhill-Icon', 'M', 'معتدل', 4, 'چوبی آروماتیک', 'قبل از 98', '\"برگ نارنج'),
(551, 34115, 'هوگو ومن ', 'هوگو باس', 'فرگ ورلد', 'Hugo Boss-Hugo women', 'W', 'خنک', 4, 'گلی میوه ای', 'قبل از 98', '\"بویسن بری (پیوند شاه توت و تمشک)'),
(552, 34116, 'لاکوست ال 12 يلو ', 'لاکوست', 'فرگ ورلد', 'Lacoste-L.12.12 Yellow ', 'M', 'خنک', 4, 'آروماتیک میوه ای', 'قبل از 98', '\"آب تونیک'),
(553, 34117, 'اينتنسو ', 'دولچه گابانا', 'فرگ ورلد', 'Dolce&Gabbana-Intenso pour Homme', 'M', 'گرم', 4, 'چوبی آروماتیک', 'قبل از 98', '\"اسطوخدوس'),
(554, 34118, 'ام بلم ', 'مون بلان', 'فرگ ورلد', 'Mont Blanc-Embelem', 'M', 'گرم', 4, 'آروماتیک ادویه ای', 'قبل از 98', '\"گریپ فروت'),
(555, 34123, 'جينز بوي ', 'تامی هیل فیگر', 'فرگ ورلد', 'Tommy Hilfiger- Tommy Jeans', 'M', 'معتدل', 5, 'مرکبات', 'قبل از 98', 'پرتغال، نارنگی ماندارین، گریپ فروت'),
(556, 34124, 'تق هرمس', 'هرمس', 'فرگ ورلد', 'Hermes-Terre d\'Hermes', 'M', 'خنک', 5, 'چوبی ادویه ای', 'قبل از 98', '\"گریپ فروت'),
(557, 34125, 'الين', 'موگلر', 'فرگ ورلد', 'Mugler-Alien  ', 'W', 'گرم', 5, 'شرقی چوبی', 'قبل از 98', 'یاسمن'),
(558, 34128, 'دوان ', 'دولچه گابانا', 'فرگ ورلد', 'Dolce&Gabbana-The One', 'M', 'گرم', 5, 'شرقی گلی', 'قبل از 98', '\"پرتقال ماندارین'),
(559, 34129, 'لايت بلو ديسكاور   ', 'دولچه گابانا', 'فرگ ورلد', 'Dolce&Gabbana-Light Blue Discover ', 'M', 'خنک', 5, 'چوبی آروماتیک', 'قبل از 98', '\"زنجبیل'),
(560, 34149, 'هاربر ', 'بوند N9', 'فرگ ورلد', 'Bond N9-Sag Harbor', 'U', 'خنک', 4, 'شرقی گلی', 'قبل از 98', '\"انگور'),
(561, 34153, 'فلاور بامب ', 'ویکتور اند رالف', 'فرگ ورلد', 'Viktor&Ralf-Flower Bomb', 'W', 'گرم', 4, 'شرقی گلی', 'قبل از 98', '\"اسمانتوس'),
(562, 34158, 'مولكول 02', 'اسنتریک مولکول', 'فرگ ورلد', 'Escentric Molecules-Escentric 02', 'U', 'گرم', 5, 'شرقی گلی', 'قبل از 98', 'زنبق، یاس، آمبروکسان، ترکیب ایزو ای سوپر'),
(563, 34159, 'لائورا ', 'لائورا', 'فرگ ورلد', 'LAURA', 'W', 'گرم', 5, 'رایحه های گلی', 'قبل از 98', '\"ارکیده'),
(564, 34162, 'عود وود ', 'تام فورد', 'فرگ ورلد', 'Tom Ford-Oud Wood', 'U', 'گرم', 4, 'شرقی چوبی', 'قبل از 98', '\"توسکا برزیل'),
(565, 34164, 'مرسده ', 'بدون برند', 'فرگ ورلد', 'No Brand-Mersede', 'U', 'گرم', 4, 'شرقی گلی', 'قبل از 98', '\"بنفشه'),
(566, 34165, 'اونتوس', 'كريد', 'فرگ ورلد', 'Creed-Aventus', 'M', 'معتدل', 2, 'قبرسی میوه ای', 'قبل از 98', '\"آناناس'),
(567, 34166, 'هوم اينتِنس', 'کریستین دیور', 'فرگ ورلد', 'Christian Dior-Homme Intense', 'M', 'گرم', 2, 'چوبی گلی مشک', 'قبل از 98', '\"بنفشه'),
(568, 34170, 'ميس ديور چِري ', 'کریستین دیور', 'فرگ ورلد', 'Christian Dior-Miss Dior Cherie', 'W', 'گرم', 4, 'قبرسی میوه ای', 'قبل از 98', '\"آناناس'),
(569, 34171, 'آنجئو دمون له سكرت ', 'جیونچی', 'فرگ ورلد', 'Givenchy-Ange ou Demon/Etrange le Secret', 'W', 'معتدل', 4, 'رایحه های گلی', 'قبل از 98', '\"چای'),
(570, 34173, 'گوچي بامبو ', 'گوجي', 'فرگ ورلد', 'Gucci-Bambo', 'W', 'معتدل', 4, 'رایحه های گلی', 'قبل از 98', 'ترنج (برگاموت)'),
(571, 34174, 'ايفوريا اسنس', 'کالوین کلین', 'فرگ ورلد', 'Calvin Klein-Eaphoria Essence', 'W', 'معتدل', 4, 'گلی میوه ای', 'قبل از 98', '\"بلک بری'),
(572, 34175, 'جيمي چو ', 'جیمی چو', 'فرگ ورلد', 'Jimmy Choo-Jimmy Choo', 'W', 'گرم', 4, 'رایحه های گلی', 'قبل از 98', '\"پرتقال تلخ'),
(573, 34176, 'جيونچي پور هوم ', 'جیونچی', 'فرگ ورلد', 'Givenchy-Pour Homme', 'M', 'گرم', 4, 'چوبی ادویه ای', 'قبل از 98', '\"بنفشه'),
(574, 34177, 'سي اچ بلك (پرايو)', 'کارولینا هررا', 'فرگ ورلد', 'Carolina Herrera-CH Prive', 'M', 'گرم', 5, 'چرم', 'قبل از 98', '\"گریپ فروت'),
(575, 34178, 'بلو نوير ', 'نارسيسو رودریگز', 'فرگ ورلد', 'Narciso Rodriguez-Blue Noir', 'M', 'گرم', 4, 'چوبی ادویه ای', 'قبل از 98', '\"جوز هندی'),
(576, 34179, 'هوگو اكستريم ', 'هوگو باس', 'فرگ ورلد', 'Hugo Boss-Hugo Extreme', 'M', 'خنک', 4, 'آروماتیک سبز  ', 'قبل از 98', 'سیب سبز'),
(577, 34180, 'اينوكتوس اكوا ', 'پاکو رابان', 'فرگ ورلد', 'Paco Rabanne-Invictus Aqua ', 'M', 'خنک', 5, 'چوبی آبی', 'قبل از 98', '\"فلفل قرمز'),
(578, 34181, 'دیزل پلاس ', 'ديزل', 'فرگ ورلد', 'Disel-Disel Plus', 'M', 'معتدل', 4, 'شرقی گلی', 'قبل از 98', '\"آناناس'),
(579, 34182, 'لاکوست ال 12 انرژي ', 'لاکوست', 'فرگ ورلد', 'Lacoste-L.12.12 Energistic ', 'M', 'خنک', 4, 'آروماتیک فوژ', 'قبل از 98', '\"زنجبیل'),
(580, 34183, 'دانهیل ديزاير', 'آلفرد دانهیل', 'فرگ ورلد', 'Alfred Dunhill-Desire For Men', 'M', 'گرم', 5, 'شرقی چوبی', '1399/03/17', '\"ترنج (برگاموت)'),
(581, 34184, 'لاکوست اسنشيال', 'لاکوست', 'فرگ ورلد', 'Lacoste-Essential', 'M', 'خنک', 5, 'چوبی آروماتیک', 'قبل از 98', '\"برگ گوجه فرنگی'),
(582, 34185, 'هي وود', 'دسکوارد', 'فرگ ورلد', 'Dsquarred-He wood', 'M', 'خنک', 5, 'چوبی آروماتیک', 'قبل از 98', '\"برگ بنفشه'),
(583, 34196, 'اونتوس زنانه', 'كريد', 'فرگ ورلد', 'Creed-Aventus For Her', 'W', 'خنک', 5, 'قبرسی میوه ای', 'قبل از 98', '\"بنفشه'),
(584, 34200, 'سي كي وان گلد', 'کالوین کلین', 'فرگ ورلد', 'Calvin Klein-CK One Gold', 'U', 'گرم', 4, 'چوبی', 'قبل از 98', '\"انجیر'),
(585, 34201, 'لي ميل اسنس ', 'ژان پل گوتیه', 'فرگ ورلد', 'Jean Paul Gaultier-Le Male Essence', 'M', 'گرم', 4, 'شرقی فوژ', 'قبل از 98', '\"ترنج (برگاموت)'),
(586, 34202, 'پگاسوس ', 'پارفومز د مارلی', 'فرگ ورلد', 'Parfums de Marly-Pegasus ', 'M', 'گرم', 4, 'شرقی فوژ', 'قبل از 98', '\"ترنج (برگاموت)'),
(587, 34203, 'گلووي', 'پارفومز د مارلی', 'فرگ ورلد', 'Parfums de Marly-Galloway', 'U', 'خنک', 5, 'مرکبات آروماتیک', 'قبل از 98', '\"فلفل'),
(588, 34204, 'هيرود', 'پارفومز د مارلی', 'فرگ ورلد', 'Parfums de Marly-Herod ', 'M', 'گرم', 4, 'چوبی ادویه ای', 'قبل از 98', '\"دارچین'),
(589, 34205, 'اپيك ', 'آمواج', 'فرگ ورلد', 'Amouage-Epic ', 'M', 'گرم', 4, 'شرقی چوبی', 'قبل از 98', '\"جوز هندی'),
(590, 34206, 'اينترلود ', 'آمواج', 'فرگ ورلد', 'Amouage-Interlude ', 'M', 'گرم', 4, 'شرقی چوبی', 'قبل از 98', '\"پونه کوهی'),
(591, 34207, 'نارسيس', 'كلوهه', 'فرگ ورلد', 'Chloe-Narcisse', 'W', 'گرم', 4, 'شرقی گلی', 'قبل از 98', '\"آناناس'),
(592, 34208, 'كارتيه پاشا   ', 'كارتيه', 'فرگ ورلد', 'Cartier-Pasha Cartier', 'M', 'گرم', 5, 'چوبی آروماتیک', 'قبل از 98', '\"اسطوخدوس'),
(593, 34209, 'دانهيل قهوه اي', 'آلفرد دانهیل', 'فرگ ورلد', 'Alfred Dunhill-Dunhill for Men', 'M', 'گرم', 5, 'شرقی چوبی', '1398/04/03', '\"اسطوخدوس'),
(594, 34210, 'مري مي ', 'لانوین', 'فرگ ورلد', 'Lanvin-Marry Me ', 'W', 'گرم', 5, 'گلی میوه ای', 'قبل از 98', '\"رز'),
(595, 34212, 'بلو شانل', 'شنل', 'فرگ ورلد', 'Chanel-Bleu de Chanel', 'M', 'خنک', 4, 'چوبی آروماتیک', 'قبل از 98', '\"فلفل قرمز'),
(596, 34214, 'له آمور ', 'لاليك', 'فرگ ورلد', 'Lalique-L\'Amour for women', 'W', 'خنک', 4, 'گلی چوبی مشک', 'قبل از 98', '\"ترنج (برگاموت)'),
(597, 34215, 'لاکوست ال 12 مگنتيك', 'لاکوست', 'فرگ ورلد', 'Lacoste-L.12.12 Pour Elle Magnetic', 'W', 'گرم', 4, 'آروماتیک ادویه ای', 'قبل از 98', '\"بامبو'),
(598, 34216, 'ذن', 'شي سيدو', 'فرگ ورلد', 'Shiseido-Zen ', 'W', 'گرم', 5, 'گلی چوبی مشک', 'قبل از 98', '\"آناناس'),
(599, 34217, 'كريستال نوير', 'ورساچه', 'فرگ ورلد', 'Versace-Crystal Noir', 'W', 'گرم', 5, 'شرقی گلی', 'قبل از 98', '\"زنجبیل'),
(600, 34218, 'لوي بل ', 'لانکوم', 'فرگ ورلد', 'Lancome-La Vie est Belle ', 'W', 'گرم', 4, 'گلی میوه ای اشباع', 'قبل از 98', '\"انگور فرنگی سیاه'),
(601, 34219, 'هوگو انرژي', 'هوگو باس', 'فرگ ورلد', 'Hugo Boss-Hugo Energise', 'M', 'خنک', 4, 'چوبی آروماتیک', '1399/03/11', '\"آناناس'),
(602, 34220, 'نايت فلایت ', 'جوپ', 'فرگ ورلد', 'Joop!-Night Flight', 'M', 'خنک', 5, 'رایحه های شرقی', 'قبل از 98', '\"آناناس'),
(603, 34221, 'الور هوم اسپرت ', 'شنل', 'فرگ ورلد', 'Chanel-Allure Homme sport', 'M', 'خنک', 4, 'چوبی ادویه ای', '1399/03/11', '\"آلدئید'),
(604, 34222, 'اكلت ', 'لانوین', 'فرگ ورلد', 'Lanvin-Eclat d’Arpège ', 'W', 'خنک', 4, ' گلی سبز', 'قبل از 98', '\"برگ نارنج'),
(605, 34223, 'كاپيتان بلك ', 'الکسیر ادن', 'فرگ ورلد', 'Elixirs of Eden-Captan Black', 'U', 'گرم', 4, 'شرقی وانیلی', '1399/03/11', '0'),
(606, 34224, 'پورشه اسپرت ', 'پورشه ديزاين', 'فرگ ورلد', 'Porsche Design-Porsche Sport', 'M', 'خنک', 4, 'چوبی آروماتیک', 'قبل از 98', '\"ترنج (برگاموت)'),
(607, 35048, 'بلك افغان', 'ناسوماتو', 'فرگ ورلد', 'Nasomatto-Black Afgano ', 'U', 'گرم', 4, 'چوبی آروماتیک', '1398/10/23', '\"برگ شاهدانه'),
(608, 35049, 'گلووي', 'پارفومز د مارلی', 'فرگ ورلد', 'Parfums de Marly-Galloway', 'U', 'خنک', 4, 'مرکبات آروماتیک', '1398/10/23', '\"فلفل'),
(609, 35052, 'شالیمار', 'گرلن', 'فرگ ورلد', 'Guerlain-Shalimar', 'W', 'گرم', 5, 'شرقی ادویه ای', '1399/03/11', 'لیمو ترش، ترنج، نارنگی ماندارین، مرکبات، سدر'),
(610, 35053, 'مولكول 02', 'اسنتریک مولکول', 'فرگ ورلد', 'Escentric Molecules-Escentric 02', 'U', 'گرم', 4, 'شرقی گلی', '1399/03/11', 'زنبق، یاس، آمبروکسان، ترکیب ایزو ای سوپر'),
(611, 40000, 'كارتيه پاشا   ', 'کارتیه', 'فرگ آروماتیک', 'Cartier-Pasha Cartier', 'M', 'گرم', 4, 'چوبی آروماتیک', 'قبل از 98', '\"اسطوخدوس'),
(612, 70015, 'لوي بل', 'لانکوم', 'صفارایحه', 'Lancome-La Vie est Belle', 'W', 'گرم', 4, 'گلی میوه ای اشباع', '1398/04/22', '\"انگور فرنگی سیاه'),
(613, 70016, 'بلو شنل', 'شنل', 'صفارایحه', 'Chanel-Bleu de Chanel', 'M', 'خنک', 3, 'چوبی آروماتیک', '1398/04/22', '\"فلفل قرمز'),
(614, 70017, 'اونتوس', 'كريد', 'صفارایحه', 'Creed-Aventus', 'M', 'خنک', 3, 'قبرسی میوه ای', '1398/04/22', '\"آناناس'),
(615, 70018, 'لجند', 'مون بلان', 'صفارایحه', 'Mont Blanc-Legend', 'M', 'خنک', 3, 'آروماتیک فوژ', 'قبل از 98', '\"آناناس'),
(616, 70030, 'سيگنورينا', 'سالواتور فراگامو', 'صفارایحه', 'Salvatore Ferragamo-Signorina', 'W', 'خنک', 5, 'گلی میوه ای', '1398/04/22', '\"انگور فرنگی قرمز'),
(617, 70033, 'مولكول 02', 'اسنتریک مولکول', 'صفارایحه', 'Escentric Molecules-Escentric 02', 'U', 'گرم', 3, 'شرقی گلی', '1398/04/22', 'زنبق، یاس، آمبروکسان، ترکیب ایزو ای سوپر'),
(618, 70036, 'سيگنورينا', 'سالواتور فراگامو', 'صفارایحه', 'Salvatore Ferragamo-Signorina', 'W', 'خنک', 4, 'گلی میوه ای', '1398/04/22', '\"انگور فرنگی قرمز'),
(619, 70037, 'وياگ', 'ناتیکا', 'صفارایحه', 'Nautica-Voyage', 'M', 'خنک', 5, 'چوبی آبی', '1398/04/22', 'سیب، برگهای سبز'),
(620, 70039, 'لجند', 'مون بلان', 'صفارایحه', 'Mont Blanc-Legend', 'M', 'خنک', 4, 'آروماتیک فوژ', '1398/04/22', '\"آناناس'),
(621, 70042, 'اسكالپچر', 'نیکوز', 'صفارایحه', 'Nikos-Sculpture', 'M', 'خنک', 4, 'شرقی فوژ', '1398/04/22', '\"پرتقال ماندارین'),
(622, 70044, 'ايفوريا زنانه', 'کالوین کلین', 'صفارایحه', 'Calvin Klein-Euphoria Women', 'W', 'گرم', 4, 'شرقی گلی', '1398/04/22', 'انار'),
(623, 70045, 'غنچه', 'بدون برند', 'صفارایحه', 'Flower Fragrance-Rose', 'U', 'گرم', 4, 'رایحه های گلی', '1398/04/22', 'رز'),
(624, 70048, 'آمور آمور', 'كاچارل', 'صفارایحه', 'Cacharel-Amor Amor', 'W', 'گرم', 4, 'گلی میوه ای', '1398/04/22', '\"انگور فرنگی سیاه'),
(625, 70049, 'برايت كريستال', 'ورساچه', 'صفارایحه', 'Versace-Bright Crystal', 'W', 'خنک', 4, 'گلی میوه ای', '1398/04/22', '\"انار'),
(626, 70050, 'جاسمين (ياس رازقي)   ', 'بدون برند', 'صفارایحه', 'Flower Fragrance-Jasmine', 'U', 'گرم', 4, 'رایحه های گلی', '1398/04/22', 'یاس'),
(627, 70053, 'نارسيس', 'كلوهه', 'صفارایحه', 'Chloe-Narcisse', 'W', 'گرم', 4, 'شرقی گلی', '1398/04/22', '\"آناناس'),
(628, 70054, 'دانهيل قهوه اي', 'آلفرد دانهیل', 'صفارایحه', 'Alfred Dunhill-Dunhill for Men', 'M', 'گرم', 4, 'شرقی چوبی', '1398/04/22', '\"اسطوخدوس'),
(629, 70055, 'كاپتان بلك', 'الکسیر ادن', 'صفارایحه', 'Elixirs of Eden-Captain Black', 'U', 'گرم', 4, 'شرقی وانیلی', '1398/04/22', '0'),
(630, 70056, 'استيل', 'جنیفر لوپز', 'صفارایحه', 'Jennifer Lopez-Still', 'W', 'خنک', 3, 'رایحه های گلی', '1398/04/22', '\"برنج'),
(631, 70057, 'كول واتر', 'دیویدف', 'صفارایحه', 'Davidoff-Cool Water', 'W', 'خنک', 4, 'گلی آبی', '1398/04/22', '\"انگور فرنگی سیاه'),
(632, 70058, 'بي دليشز', 'دونا کاران', 'صفارایحه', 'Donna Karan-Be Delicious DKNY', 'W', 'معتدل', 4, 'گلی میوه ای', '1398/04/22', '\"خیار'),
(633, 70059, 'سكسي گرافيتي ', 'اسکادا ', 'صفارایحه', 'Escada-Sexy Graffiti', 'W', 'گرم', 4, 'گلی میوه ای', '1398/04/22', '\"انگور فرنگی سیاه'),
(634, 70060, 'چنس', 'شنل', 'صفارایحه', 'Chanel-Chance', 'W', 'خنک', 3, 'قبرسی گلی', '1398/04/22', 'آناناس، نعناع هندی، فلفل صورتی، لیمو،'),
(635, 70062, 'آكاجيو', 'جورجیو آرمانی', 'صفارایحه', 'Giorgio Armani-Acqua di Gio for Men', 'M', 'خنک', 4, 'آروماتیک آبی', '1398/04/22', '\"پرتقال ماندارین'),
(636, 70064, 'هوگو مردانه', 'هوگو باس', 'صفارایحه', 'Hugo Boss-Hugo for Men', 'M', 'خنک', 4, 'آروماتیک سبز', '1398/04/22', '\"اسطوخدوس'),
(637, 70065, 'وري سكسي', 'ویکتوریا سکرت', 'صفارایحه', 'Victoria\'s Secret-Very Sexy', 'W', 'معتدل', 5, 'رایحه های گلی', '1398/04/22', '\"پیوند نارنگی با پرتقال'),
(638, 70066, 'بوس من', 'بدون برند', 'صفارایحه', 'Hugo Boss-Hugo for Men', 'U', 'خنک', 4, 'آروماتیک سبز  ', '1398/04/22', '\"اسطوخدوس'),
(639, 70067, 'اكلت', 'لانوین', 'صفارایحه', 'Lanvin-Eclat d’Arpège', 'W', 'خنک', 3, 'گلی سبز', '1398/04/22', '\"برگ نارنج'),
(640, 70068, 'بلك اركيد', 'تام فورد', 'صفارایحه', 'Tom Ford-Black Orchid ', 'W', 'گرم', 4, 'شرقی گلی', '1398/04/22', '\"انگور فرنگی سیاه'),
(641, 70069, 'سيلور سنت', 'بوگارت', 'صفارایحه', 'Jacques Bogart-Silver Scent', 'M', 'گرم', 4, 'شرقی چوبی', '1398/04/22', '\"شکوفه پرتقال'),
(642, 70070, ' ورسوز', 'بدون برند', 'صفارایحه', 'No Brand-Versus', 'U', 'خنک', 4, 'آروماتیک سبز  ', '1398/04/22', '\"اسطوخدوس'),
(643, 70073, ' دانهیل ديزاير', 'آلفرد دانهیل', 'صفارایحه', 'Alfred Dunhill-Desire For Men', 'M', 'گرم', 4, 'شرقی چوبی', '1398/09/06', '\"ترنج (برگاموت)'),
(644, 70082, 'تامي نيو', 'تامی هیل فیگر', 'صفارایحه', 'Tommy Hilfiger-Tommy for Men', 'M', 'خنک', 5, 'مرکبات آروماتیک', '1398/09/06', '\"اسطوخدوس'),
(645, 70083, 'سلطان', 'بدون برند', 'صفارایحه', 'No Brand-Sultan', 'U', 'معتدل', 4, 'شرقی وانیلی', '1398/09/06', '\"آناناس'),
(646, 70084, 'ساویج', 'کریستین دیور', 'صفارایحه', 'Christian Dior-Sauvage', 'M', 'خنک', 3, 'آروماتیک فوژ', '1398/09/06', '\"ترنج (برگاموت)'),
(647, 70085, 'آزارو كروم', 'آزارو', 'صفارایحه', 'Azzaro-Azzaro Chrome', 'M', 'خنک', 4, 'مرکبات آروماتیک', '1398/09/06', '\"آناناس'),
(648, 70086, 'آكوا بولگاري', 'بولگاری', 'صفارایحه', 'Bvlgari-Aqua Pour Homme', 'M', 'خنک', 4, 'آروماتیک آبی ', 'قبل از 98', '\"برگ نارنج'),
(649, 70090, ' ورسوز', 'بدون برند', 'صفارایحه', 'No Brand-Versus', 'U', 'خنک', 5, 'آروماتیک سبز  ', 'قبل از 98', '\"اسطوخدوس'),
(650, 70094, 'نوير تيز', 'ویکتوریا سکرت', 'صفارایحه', 'Victoria\'s Secret-Noir Tease', 'W', 'معتدل', 5, 'گلی میوه ای', '1398/09/06', '\"پرتقال ماندارین'),
(651, 70106, 'كاپتان بلك', 'الکسیر ادن', 'صفارایحه', 'Elixirs of Eden-Captain Black', 'U', 'گرم', 5, 'شرقی وانیلی', '1398/04/22', ''),
(652, 70115, 'كاپيتان بلك MOD   ', 'الکسیر ادن', 'صفارایحه', 'Elixirs of Eden-Captain Black', 'U', 'گرم', 6, 'شرقی وانیلی', '1399/09/28', ''),
(653, 70116, 'تيلور سوييفت واندراستراک', 'تیلور سوییفت', 'صفارایحه', 'Taylor Swift-Wonderstruck', 'W', 'معتدل', 5, 'گلی میوه ای', '1399/09/28', 'تمشک، توت سیاه، چای، شکوفه سیب'),
(654, 70120, 'هالووين   ', 'هالووین', 'صفارایحه', 'Halloween-Halloween', 'W', 'خنک', 5, 'شرقی گلی', '1399/09/28', '\"برگ موز'),
(655, 70121, 'مري مي ', 'لانوین', 'صفارایحه', 'Lanvin-Marry Me ', 'W', 'گرم', 4, 'گلی میوه ای', '1399/09/28', '\"رز'),
(656, 70114, 'پگاسوس ', 'پارفومز د مارلی', 'صفارایحه', 'Parfums de Marly-Pegasus ', 'M', 'گرم', 4, 'شرقی فوژ', '1399/09/28', '\"ترنج (برگاموت)'),
(657, 70117, 'كالان', 'پارفومز د مارلی', 'صفارایحه', 'Parfums de Marly-Kalan ', 'U', 'گرم', 5, 'شرقی ادویه ای', '1399/09/28', 'ادویه جات معطر، پرتغال خونی، فلفل'),
(658, 70118, 'بلك ايكس اس پوشن', 'پاکو رابان', 'صفارایحه', 'Paco Rabanne -Black XS Potion', 'M', 'گرم', 5, 'چوبی ادویه ای', '1399/09/28', 'سروکوهی'),
(659, 70119, 'باكارات روژ 540', 'فرانسیس کرکجان', 'صفارایحه', 'Maison Francis Kurkdjian-Baccarat Rouge 540', 'U', 'گرم', 5, 'شرقی گلی', '1399/09/28', 'یاس، زعفران'),
(660, 70122, 'وصال', 'اجمل', 'صفارایحه', 'Ajmal-Wisal', 'U', 'گرم', 5, 'رایحه های گلی', '1399/09/28', '\"ادویه ها');

-- --------------------------------------------------------

--
-- Table structure for table `tbl_pdf`
--

CREATE TABLE `tbl_pdf` (
  `id` bigint(20) NOT NULL,
  `address` varchar(100) COLLATE utf8_persian_ci NOT NULL,
  `dastehID` bigint(20) NOT NULL,
  `vaziat` tinyint(4) NOT NULL DEFAULT '1',
  `tarikhErsal` date NOT NULL,
  `zamanErsal` time NOT NULL
) ENGINE=InnoDB DEFAULT CHARSET=utf8 COLLATE=utf8_persian_ci ROW_FORMAT=COMPACT;

--
-- Dumping data for table `tbl_pdf`
--

INSERT INTO `tbl_pdf` (`id`, `address`, `dastehID`, `vaziat`, `tarikhErsal`, `zamanErsal`) VALUES
(11, 'dsfr.pdf', 15, 1, '1399-10-01', '21:32:21'),
(12, 'takhfii.pdf', 16, 1, '1399-10-01', '21:40:36'),
(13, 'dsvrkh.pdf', 17, 1, '1399-10-01', '21:42:48'),
(14, 'list.pdf', 18, 1, '1399-10-01', '21:44:24');

-- --------------------------------------------------------

--
-- Table structure for table `tbl_sath`
--

CREATE TABLE `tbl_sath` (
  `id` tinyint(4) NOT NULL,
  `namSath` varchar(50) COLLATE utf8_persian_ci NOT NULL
) ENGINE=InnoDB DEFAULT CHARSET=utf8 COLLATE=utf8_persian_ci ROW_FORMAT=COMPACT;

--
-- Dumping data for table `tbl_sath`
--

INSERT INTO `tbl_sath` (`id`, `namSath`) VALUES
(1, 'ادمین'),
(2, 'هیئت مدیره'),
(3, 'مدیران میانی'),
(4, 'پرسنل عادی');

--
-- Indexes for dumped tables
--

--
-- Indexes for table `tbl_aza`
--
ALTER TABLE `tbl_aza`
  ADD PRIMARY KEY (`id`),
  ADD UNIQUE KEY `tbl_aza_codePerseneli_uindex` (`codePerseneli`);

--
-- Indexes for table `tbl_barchasb`
--
ALTER TABLE `tbl_barchasb`
  ADD PRIMARY KEY (`id`);

--
-- Indexes for table `tbl_barchasb_matlab`
--
ALTER TABLE `tbl_barchasb_matlab`
  ADD PRIMARY KEY (`id`);

--
-- Indexes for table `tbl_captcha`
--
ALTER TABLE `tbl_captcha`
  ADD PRIMARY KEY (`id`),
  ADD UNIQUE KEY `tbl_captcha_address_uindex` (`address`);

--
-- Indexes for table `tbl_dasteh`
--
ALTER TABLE `tbl_dasteh`
  ADD PRIMARY KEY (`id`);

--
-- Indexes for table `tbl_etelaat`
--
ALTER TABLE `tbl_etelaat`
  ADD PRIMARY KEY (`id`);

--
-- Indexes for table `tbl_pdf`
--
ALTER TABLE `tbl_pdf`
  ADD PRIMARY KEY (`id`),
  ADD UNIQUE KEY `tbl_pdf_address_uindex` (`address`);

--
-- Indexes for table `tbl_sath`
--
ALTER TABLE `tbl_sath`
  ADD PRIMARY KEY (`id`);

--
-- AUTO_INCREMENT for dumped tables
--

--
-- AUTO_INCREMENT for table `tbl_aza`
--
ALTER TABLE `tbl_aza`
  MODIFY `id` int(11) NOT NULL AUTO_INCREMENT, AUTO_INCREMENT=30;
--
-- AUTO_INCREMENT for table `tbl_barchasb`
--
ALTER TABLE `tbl_barchasb`
  MODIFY `id` bigint(20) NOT NULL AUTO_INCREMENT, AUTO_INCREMENT=43;
--
-- AUTO_INCREMENT for table `tbl_barchasb_matlab`
--
ALTER TABLE `tbl_barchasb_matlab`
  MODIFY `id` bigint(20) NOT NULL AUTO_INCREMENT, AUTO_INCREMENT=154;
--
-- AUTO_INCREMENT for table `tbl_captcha`
--
ALTER TABLE `tbl_captcha`
  MODIFY `id` int(11) NOT NULL AUTO_INCREMENT, AUTO_INCREMENT=21;
--
-- AUTO_INCREMENT for table `tbl_dasteh`
--
ALTER TABLE `tbl_dasteh`
  MODIFY `id` bigint(20) NOT NULL AUTO_INCREMENT, AUTO_INCREMENT=21;
--
-- AUTO_INCREMENT for table `tbl_etelaat`
--
ALTER TABLE `tbl_etelaat`
  MODIFY `id` bigint(20) NOT NULL AUTO_INCREMENT, AUTO_INCREMENT=661;
--
-- AUTO_INCREMENT for table `tbl_pdf`
--
ALTER TABLE `tbl_pdf`
  MODIFY `id` bigint(20) NOT NULL AUTO_INCREMENT, AUTO_INCREMENT=15;
--
-- AUTO_INCREMENT for table `tbl_sath`
--
ALTER TABLE `tbl_sath`
  MODIFY `id` tinyint(4) NOT NULL AUTO_INCREMENT, AUTO_INCREMENT=5;
/*!40101 SET CHARACTER_SET_CLIENT=@OLD_CHARACTER_SET_CLIENT */;
/*!40101 SET CHARACTER_SET_RESULTS=@OLD_CHARACTER_SET_RESULTS */;
/*!40101 SET COLLATION_CONNECTION=@OLD_COLLATION_CONNECTION */;
